,time,title,url,content
86,2022-11-01T19:56:53+0100,In Mississippi is het abortusrecht weg en zijn moeders vooral op zichzelf aangewezen,https://nos.nl/artikel/2450691-in-mississippi-is-het-abortusrecht-weg-en-zijn-moeders-vooral-op-zichzelf-aangewezen,Midterm-verkiezingen
637,2016-10-20T07:33:46+0200,Eén zin uit debat blijft hangen als een donderwolk,https://nos.nl/artikel/2138678-een-zin-uit-debat-blijft-hangen-als-een-donderwolk,Buitenland
393,2019-05-26T04:41:11+0200,Ieren willen makkelijker scheiden,https://nos.nl/artikel/2286326-ieren-willen-makkelijker-scheiden,Buitenland
610,2017-01-23T21:39:21+0100,"Trump neemt eerste besluiten, perschef reageert op commotie",https://nos.nl/artikel/2154561-trump-neemt-eerste-besluiten-perschef-reageert-op-commotie,Buitenland
37,2023-07-18T10:06:45+0200,GroenLinks-Kamerlid Corinne Ellemeet stopt na verkiezingen,https://nos.nl/artikel/2483219-groenlinks-kamerlid-corinne-ellemeet-stopt-na-verkiezingen,Politiek
70,2023-01-13T10:05:23+0100,Met Mirjam Bikker kiest ChristenUnie voor ervaren fractievoorzitter,https://nos.nl/artikel/2459658-met-mirjam-bikker-kiest-christenunie-voor-ervaren-fractievoorzitter,Politiek
139,2022-06-25T06:33:29+0200,'Ook andere rechten in gevaar' na einde landelijk abortusrecht,https://nos.nl/artikel/2433992-ook-andere-rechten-in-gevaar-na-einde-landelijk-abortusrecht,Buitenland
42,2023-07-27T23:11:07+0200,Het ene na het andere Kamerlid vertrekt: wat moet er volgens hen veranderen?,https://nos.nl/nieuwsuur/artikel/2484513-het-ene-na-het-andere-kamerlid-vertrekt-wat-moet-er-volgens-hen-veranderen,Op weg naar TK2023
492,2018-03-08T22:57:01+0100,"Nieuwe abortuswet Mississippi overwinning voor de een, nachtmerrie voor de ander",https://nos.nl/artikel/2221306-nieuwe-abortuswet-mississippi-overwinning-voor-de-een-nachtmerrie-voor-de-ander,Buitenland
465,2018-07-06T21:20:24+0200,Kabinet wil plaatsen spiraaltje in abortuskliniek vergoeden,https://nos.nl/artikel/2240234-kabinet-wil-plaatsen-spiraaltje-in-abortuskliniek-vergoeden,Politiek
606,2017-01-28T06:01:05+0100,Trump Daily 28 januari: decreet na decreet na decreet na...,https://nos.nl/artikel/2155284-trump-daily-28-januari-decreet-na-decreet-na-decreet-na,Buitenland
398,2019-05-20T16:53:28+0200,Partijen in Kamer vallen over 'vrouwonvriendelijk' stuk Baudet,https://nos.nl/artikel/2285543-partijen-in-kamer-vallen-over-vrouwonvriendelijk-stuk-baudet,Politiek
411,2019-04-11T16:56:03+0200,Duitsland worstelt met NIP-test,https://nos.nl/artikel/2279993-duitsland-worstelt-met-nip-test,Buitenland
437,2018-11-07T12:38:49+0100,Meerderheid voor Democraten in Huis van Afgevaardigden definitief,https://nos.nl/liveblog/2258218-meerderheid-voor-democraten-in-huis-van-afgevaardigden-definitief,None
352,2019-11-10T08:37:16+0100,Anti-abortusfolder zorgt voor veel discussie,https://nos.nl/artikel/2309790-anti-abortusfolder-zorgt-voor-veel-discussie,Binnenland
586,2017-02-25T08:24:01+0100,Guatemala wil bemanning Nederlandse abortusboot uitzetten,https://nos.nl/artikel/2159940-guatemala-wil-bemanning-nederlandse-abortusboot-uitzetten,Buitenland
34,2023-11-09T07:06:45+0100,Omtzigt wil het liefst fractieleider in Tweede Kamer blijven • SP wil regeren,https://nos.nl/liveblog/2497169-omtzigt-wil-het-liefst-fractieleider-in-tweede-kamer-blijven-sp-wil-regeren,None
413,2019-04-03T13:55:16+0200,Anti-abortusbetogers stoppen voorlopig met acties bij klinieken,https://nos.nl/artikel/2278839-anti-abortusbetogers-stoppen-voorlopig-met-acties-bij-klinieken,Binnenland
103,2022-09-13T22:18:24+0200,Hongarije verscherpt abortusregels: eerst naar hartslag foetus luisteren,https://nos.nl/artikel/2444509-hongarije-verscherpt-abortusregels-eerst-naar-hartslag-foetus-luisteren,Buitenland
283,2020-12-10T01:12:16+0100,ChristenUnie: aantal abortussen omlaag door pil in het basispakket ,https://nos.nl/artikel/2360012-christenunie-aantal-abortussen-omlaag-door-pil-in-het-basispakket,Politiek
320,2020-09-19T13:53:13+0200,'Notorious RBG': een rechter met een rocksterstatus,https://nos.nl/artikel/2349003-notorious-rbg-een-rechter-met-een-rocksterstatus,Buitenland
77,2022-12-06T14:13:05+0100,"Ook huisarts mag abortuspil verstrekken, Eerste Kamer stemt voor",https://nos.nl/artikel/2455325-ook-huisarts-mag-abortuspil-verstrekken-eerste-kamer-stemt-voor,Politiek
297,2020-10-31T09:28:14+0100,Tienduizenden Polen op de been tegen verscherpte abortuswetgeving,https://nos.nl/artikel/2354579-tienduizenden-polen-op-de-been-tegen-verscherpte-abortuswetgeving,Buitenland
357,2019-10-22T03:16:40+0200,Homohuwelijk en abortus legaal in Noord-Ierland,https://nos.nl/artikel/2307156-homohuwelijk-en-abortus-legaal-in-noord-ierland,Buitenland
64,2023-02-05T09:54:12+0100,Abortuspillen in apotheken nieuwe splijtzwam in de VS,https://nos.nl/artikel/2462584-abortuspillen-in-apotheken-nieuwe-splijtzwam-in-de-vs,Binnenland
616,2016-12-22T07:43:58+0100,Gezondheidsraad: extra echo al na 13 weken zwangerschap,https://nos.nl/artikel/2149630-gezondheidsraad-extra-echo-al-na-13-weken-zwangerschap,Binnenland
248,2021-03-19T08:46:58+0100,"Verkenners willen vaart maken, maar puzzel is complex",https://nos.nl/artikel/2373230-verkenners-willen-vaart-maken-maar-puzzel-is-complex,De uitslagen
79,2022-11-30T03:41:39+0100,Ook Amerikaanse Senaat stemt in met bescherming homohuwelijk,https://nos.nl/artikel/2454508-ook-amerikaanse-senaat-stemt-in-met-bescherming-homohuwelijk,Buitenland
491,2018-03-11T02:14:38+0100,Tienduizenden Ieren demonstreren tegen abortus,https://nos.nl/artikel/2221712-tienduizenden-ieren-demonstreren-tegen-abortus,Buitenland
349,2019-11-16T08:37:05+0100,Waarom de discussie over abortus weer oplaait,https://nos.nl/op3/artikel/2310670-waarom-de-discussie-over-abortus-weer-oplaait,Binnenland
612,2017-01-18T10:06:48+0100,De klok tikt: actieve Obama wil zijn politieke erfenis veiligstellen,https://nos.nl/artikel/2153566-de-klok-tikt-actieve-obama-wil-zijn-politieke-erfenis-veiligstellen,Buitenland
71,2023-01-09T17:17:29+0100,"Bolsonaristas achter bestorming Brazilië, wie zijn ze en wat willen ze?",https://nos.nl/artikel/2459253-bolsonaristas-achter-bestorming-brazilie-wie-zijn-ze-en-wat-willen-ze,Buitenland
527,2017-10-28T07:22:25+0200,"De koning en de kerk: vanzelfsprekend, en toch ook weer niet",https://nos.nl/artikel/2200103-de-koning-en-de-kerk-vanzelfsprekend-en-toch-ook-weer-niet,Koningshuis
6,2023-09-07T02:49:47+0200,Hoogste hof Mexico bekrachtigt recht op abortus ,https://nos.nl/artikel/2489520-hoogste-hof-mexico-bekrachtigt-recht-op-abortus,Buitenland
219,2021-10-03T07:31:03+0200,Wekdienst 3/10: Protestmars in Amsterdam • Wielerklassieker Parijs-Roubaix,https://nos.nl/artikel/2400146-wekdienst-3-10-protestmars-in-amsterdam-wielerklassieker-parijs-roubaix,Binnenland
488,2018-03-15T09:53:22+0100,Republikeinen overwegen hertelling in 'hun' Pennsylvania,https://nos.nl/artikel/2222466-republikeinen-overwegen-hertelling-in-hun-pennsylvania,Buitenland
384,2019-06-11T22:33:56+0200,Kamerleden zien opleving sentiment tegen abortus,https://nos.nl/artikel/2288664-kamerleden-zien-opleving-sentiment-tegen-abortus,Binnenland
209,2021-10-15T20:43:26+0200,Regering-Biden naar Hooggerechtshof om abortuswet Texas terug te draaien,https://nos.nl/artikel/2401826-regering-biden-naar-hooggerechtshof-om-abortuswet-texas-terug-te-draaien,Buitenland
22,2023-09-07T06:57:03+0200,Wekdienst 7/9: Enquêtecommissie hoort Rutte • Benefietavond Trump voor Giuliani,https://nos.nl/artikel/2489526-wekdienst-7-9-enquetecommissie-hoort-rutte-benefietavond-trump-voor-giuliani,Binnenland
621,2016-11-16T18:21:31+0100,'Ik kan eindelijk weer slapen nu Obama weggaat',https://nos.nl/artikel/2143459-ik-kan-eindelijk-weer-slapen-nu-obama-weggaat,Buitenland
541,2017-07-06T16:12:55+0200,'Zet het paardenmiddel contraseign niet in voor voltooid leven',https://nos.nl/nieuwsuur/artikel/2181786-zet-het-paardenmiddel-contraseign-niet-in-voor-voltooid-leven,Politiek
130,2022-07-02T15:07:15+0200,Honderden mensen op de Dam demonstreren voor recht op abortus,https://nos.nl/artikel/2434985-honderden-mensen-op-de-dam-demonstreren-voor-recht-op-abortus,Binnenland
417,2019-03-29T07:51:50+0100,De Jonge steunt bufferzones bij abortusklinieken,https://nos.nl/artikel/2278056-de-jonge-steunt-bufferzones-bij-abortusklinieken,Politiek
81,2022-12-11T08:00:02+0100,"Coalitie overleeft eerste jaar, maar niet zonder strijd: 'Ik dacht, loopt dit wel goed af?'",https://nos.nl/nieuwsuur/artikel/2455961-coalitie-overleeft-eerste-jaar-maar-niet-zonder-strijd-ik-dacht-loopt-dit-wel-goed-af,Politiek
515,2017-12-09T13:16:38+0100,Duizenden deelnemers aan Mars voor het Leven in Den Haag,https://nos.nl/artikel/2206715-duizenden-deelnemers-aan-mars-voor-het-leven-in-den-haag,Binnenland
60,2023-03-08T02:41:36+0100,Vrouwen klagen Texas aan vanwege strenge abortuswet,https://nos.nl/artikel/2466636-vrouwen-klagen-texas-aan-vanwege-strenge-abortuswet,Buitenland
427,2018-12-14T08:22:56+0100,Iers parlement legaliseert ondergaan abortus,https://nos.nl/artikel/2263459-iers-parlement-legaliseert-ondergaan-abortus,Buitenland
45,2023-07-12T18:52:33+0200,Abortusklinieken zien vaker jonge vrouwen die anticonceptie wantrouwen,https://nos.nl/artikel/2482558-abortusklinieken-zien-vaker-jonge-vrouwen-die-anticonceptie-wantrouwen,Binnenland
588,2017-02-24T18:28:32+0100,"SGP: pro-leven, pro-gezin en kritisch op de islam",https://nos.nl/nieuwsuur/artikel/2159879-sgp-pro-leven-pro-gezin-en-kritisch-op-de-islam,Politiek
338,2020-01-28T15:25:47+0100,Protestactie McEnroe en Navratilova jegens Court zorgt voor ophef in Melbourne,https://nos.nl/artikel/2320656-protestactie-mcenroe-en-navratilova-jegens-court-zorgt-voor-ophef-in-melbourne,Tennis
85,2022-11-07T14:56:20+0100,Vanavond op tv: Nog steeds geen asieldeal • Zo pakt Italië de asielcrisis aan • De invloed van abortus op de Midterms,https://nos.nl/nieuwsuur/artikel/2451468-vanavond-op-tv-nog-steeds-geen-asieldeal-zo-pakt-italie-de-asielcrisis-aan-de-invloed-van-abortus-op-de-midterms,Binnenland
153,2022-06-08T18:17:21+0200,Gewapende man wilde conservatieve Amerikaanse rechter Kavanaugh vermoorden,https://nos.nl/artikel/2431933-gewapende-man-wilde-conservatieve-amerikaanse-rechter-kavanaugh-vermoorden,Buitenland
278,2020-12-17T18:09:16+0100,Celstraf geëist voor bedreigen abortusklinieken,https://nos.nl/artikel/2361066-celstraf-geeist-voor-bedreigen-abortusklinieken,Rijnmond
519,2017-11-28T09:01:24+0100,Schoonmaak YouTube: inmiddels 150.000 schokkende kindervideo’s verwijderd,https://nos.nl/artikel/2204948-schoonmaak-youtube-inmiddels-150-000-schokkende-kindervideo-s-verwijderd,Economie
187,2022-02-10T13:36:54+0100,Ruime meerderheid Kamer voor afschaffen bedenktermijn abortus,https://nos.nl/artikel/2416634-ruime-meerderheid-kamer-voor-afschaffen-bedenktermijn-abortus,Politiek
597,2017-02-09T12:21:57+0100,Voor het eerst in jaren iets meer abortussen,https://nos.nl/artikel/2157288-voor-het-eerst-in-jaren-iets-meer-abortussen,Binnenland
634,2016-10-24T14:37:10+0200,Tiener die eigen baby doodde hoeft niet de cel in ,https://nos.nl/artikel/2139405-tiener-die-eigen-baby-doodde-hoeft-niet-de-cel-in,Omroep Brabant
593,2017-02-10T14:24:36+0100,Laura (26): abortus was de beste keuze voor mij en het kindje,https://nos.nl/op3/artikel/2157506-laura-26-abortus-was-de-beste-keuze-voor-mij-en-het-kindje,Binnenland
300,2020-10-28T20:49:44+0100,Poolse betogers aan het woord: 'Vragen PiS vriendelijk om op te rotten',https://nos.nl/artikel/2354260-poolse-betogers-aan-het-woord-vragen-pis-vriendelijk-om-op-te-rotten,Buitenland
435,2018-11-15T15:51:08+0100,Gevaarlijk paardenvirus duikt op in Overijssel,https://nos.nl/artikel/2259391-gevaarlijk-paardenvirus-duikt-op-in-overijssel,RTV Oost
276,2020-12-30T11:08:36+0100,"Abortuswet Argentinië aangenomen, 'baanbrekend voor Latijns-Amerikaanse vrouwen'",https://nos.nl/artikel/2362519-abortuswet-argentinie-aangenomen-baanbrekend-voor-latijns-amerikaanse-vrouwen,Buitenland
449,2018-08-25T15:05:28+0200,Paus in Ierland: 'Ik deel woede over weerzinwekkende misbruik priesters',https://nos.nl/artikel/2247491-paus-in-ierland-ik-deel-woede-over-weerzinwekkende-misbruik-priesters,Buitenland
329,2020-07-13T09:13:28+0200,Zittend president Duda wint Poolse presidentsverkiezingen,https://nos.nl/artikel/2340527-zittend-president-duda-wint-poolse-presidentsverkiezingen,Buitenland
428,2018-12-13T15:09:11+0100,Duitse regering staat informatie over abortus toe,https://nos.nl/artikel/2263361-duitse-regering-staat-informatie-over-abortus-toe,Buitenland
359,2019-10-12T17:54:42+0200,Poolse campagne gericht op 'gevaarlijke homorelaties' vindt gretig gehoor,https://nos.nl/nieuwsuur/artikel/2305835-poolse-campagne-gericht-op-gevaarlijke-homorelaties-vindt-gretig-gehoor,Buitenland
160,2022-05-07T14:04:26+0200,Honderden op de Dam betogen voor recht op abortus,https://nos.nl/artikel/2427834-honderden-op-de-dam-betogen-voor-recht-op-abortus,Binnenland
183,2022-03-15T16:29:50+0100,Tweede Kamer steunt verstrekken abortuspil door huisarts,https://nos.nl/artikel/2421300-tweede-kamer-steunt-verstrekken-abortuspil-door-huisarts,Politiek
19,2023-07-13T20:48:39+0200,Amerikaanse vrouwen hoeven niet meer naar de dokter voor een anticonceptiepil,https://nos.nl/artikel/2482705-amerikaanse-vrouwen-hoeven-niet-meer-naar-de-dokter-voor-een-anticonceptiepil,Buitenland
643,2016-10-06T13:43:33+0200,Pools parlement verwerpt abortusplan,https://nos.nl/artikel/2136279-pools-parlement-verwerpt-abortusplan,Buitenland
271,2021-01-18T15:01:54+0100,Wie is beoogd PvdA-lijsttrekker Lilianne Ploumen?,https://nos.nl/artikel/2364948-wie-is-beoogd-pvda-lijsttrekker-lilianne-ploumen,Politiek
443,2018-10-10T22:31:52+0200,Kabinet: ook anti-abortusorganisatie mag namens overheid hulpgesprekken voeren,https://nos.nl/artikel/2254276-kabinet-ook-anti-abortusorganisatie-mag-namens-overheid-hulpgesprekken-voeren,Politiek
309,2020-10-22T19:38:36+0200,Pools gerechtshof perkt mogelijkheid tot abortus verder in,https://nos.nl/artikel/2353384-pools-gerechtshof-perkt-mogelijkheid-tot-abortus-verder-in,Buitenland
111,2022-09-05T02:39:41+0200,Nieuwe progressieve grondwet in Chili afgewezen in referendum,https://nos.nl/artikel/2443337-nieuwe-progressieve-grondwet-in-chili-afgewezen-in-referendum,Buitenland
55,2023-04-29T12:39:30+0200,Krol noemt aanstaand kampioen Napoli zegen voor voetbal: 'Dit is Ajax van jaren 70' ,https://nos.nl/artikel/2473240-krol-noemt-aanstaand-kampioen-napoli-zegen-voor-voetbal-dit-is-ajax-van-jaren-70,Voetbal
391,2019-05-30T02:34:56+0200,Ook Louisiana krijgt strenge abortuswet,https://nos.nl/artikel/2286911-ook-louisiana-krijgt-strenge-abortuswet,Buitenland
632,2016-10-29T19:28:29+0200,Abortusartsen pleiten voor gratis anticonceptie,https://nos.nl/nieuwsuur/artikel/2140339-abortusartsen-pleiten-voor-gratis-anticonceptie,Binnenland
171,2022-05-08T16:36:54+0200,Vanavond op tv: Contact met Oekraïense strijders • Nederlanders te dik • Boekverbanningen in de VS,https://nos.nl/nieuwsuur/artikel/2427975-vanavond-op-tv-contact-met-oekraiense-strijders-nederlanders-te-dik-boekverbanningen-in-de-vs,Binnenland
294,2020-11-05T11:07:18+0100,"Meer landen willen net als Polen het recht op abortus inperken, zegt Amnesty",https://nos.nl/artikel/2355308-meer-landen-willen-net-als-polen-het-recht-op-abortus-inperken-zegt-amnesty,Buitenland
538,2017-07-25T18:45:20+0200,Nieuwe ambassadeur Pete Hoekstra tegen abortus en homohuwelijk,https://nos.nl/artikel/2185009-nieuwe-ambassadeur-pete-hoekstra-tegen-abortus-en-homohuwelijk,Binnenland
522,2017-11-10T17:02:04+0100,VS krijgt ambassadeur in Den Haag met Nederlandse roots,https://nos.nl/artikel/2202177-vs-krijgt-ambassadeur-in-den-haag-met-nederlandse-roots,Buitenland
607,2017-01-27T22:21:39+0100,Een week president Trump: regeren in de hoogste versnelling,https://nos.nl/artikel/2155261-een-week-president-trump-regeren-in-de-hoogste-versnelling,Buitenland
147,2022-06-30T19:28:58+0200,"Hooggerechtshof bezorgt Biden nieuwe klap, nu voor het klimaatbeleid ",https://nos.nl/artikel/2434744-hooggerechtshof-bezorgt-biden-nieuwe-klap-nu-voor-het-klimaatbeleid,Buitenland
315,2020-09-26T23:19:54+0200,Trump draagt conservatieve Amy Coney Barrett voor als rechter Hooggerechtshof,https://nos.nl/artikel/2349959-trump-draagt-conservatieve-amy-coney-barrett-voor-als-rechter-hooggerechtshof,Buitenland
613,2017-01-09T11:16:48+0100,Omstreden Poolse mediaregels definitief geschrapt,https://nos.nl/artikel/2152146-omstreden-poolse-mediaregels-definitief-geschrapt,Buitenland
504,2018-01-15T12:08:18+0100,Catherine Deneuve maakt excuses aan slachtoffers seksueel geweld,https://nos.nl/artikel/2212026-catherine-deneuve-maakt-excuses-aan-slachtoffers-seksueel-geweld,Buitenland
120,2022-08-12T19:09:58+0200,Ondanks alle tumult heeft Trump de Republikeinse Partij nog stevig in z'n greep,https://nos.nl/nieuwsuur/artikel/2440304-ondanks-alle-tumult-heeft-trump-de-republikeinse-partij-nog-stevig-in-z-n-greep,Buitenland
587,2017-02-24T19:46:25+0100,Trumpisme neemt conservatieve beweging over,https://nos.nl/artikel/2159886-trumpisme-neemt-conservatieve-beweging-over,Buitenland
368,2019-09-05T17:48:51+0200,Opzienbarende smeercampagne tegen rechters in Polen,https://nos.nl/nieuwsuur/artikel/2300478-opzienbarende-smeercampagne-tegen-rechters-in-polen,Buitenland
592,2017-02-19T09:56:02+0100,"'Jane Roe', boegbeeld legalisering abortus in VS, overleden  ",https://nos.nl/artikel/2158990-jane-roe-boegbeeld-legalisering-abortus-in-vs-overleden,Buitenland
392,2019-05-27T13:28:26+0200,"Podcast Oog: alzheimergen, herdenking opstand Curaçao en rokers in de politiek",https://nos.nl/artikel/2286518-podcast-oog-alzheimergen-herdenking-opstand-curacao-en-rokers-in-de-politiek,Binnenland
489,2018-03-12T14:22:15+0100,"Duitse minister Seehofer: 'Een grote coalitie, voor de kleine man'",https://nos.nl/artikel/2221997-duitse-minister-seehofer-een-grote-coalitie-voor-de-kleine-man,Buitenland
409,2019-04-23T22:24:52+0200,COC: 'Deze Amerikaanse haatprediker wil dat overheden lhbt'ers vermoorden',https://nos.nl/artikel/2281759-coc-deze-amerikaanse-haatprediker-wil-dat-overheden-lhbt-ers-vermoorden,Binnenland
474,2018-05-26T14:21:42+0200,Ierse premier noemt abortus-referendum 'hoogtepunt van stille revolutie',https://nos.nl/artikel/2233611-ierse-premier-noemt-abortus-referendum-hoogtepunt-van-stille-revolutie,Buitenland
164,2022-05-04T01:27:07+0200,Amerikaanse staat Oklahoma stelt zeer strenge abortuswet in ,https://nos.nl/artikel/2427446-amerikaanse-staat-oklahoma-stelt-zeer-strenge-abortuswet-in,Buitenland
633,2016-10-29T16:40:09+0200,De uitzending van 29 oktober,https://nos.nl/nieuwsuur/artikel/2140305-de-uitzending-van-29-oktober,Binnenland
8,2023-08-08T23:05:23+0200,Referendum Ohio gaat toekomst abortusrechten bepalen,https://nos.nl/artikel/2485959-referendum-ohio-gaat-toekomst-abortusrechten-bepalen,Buitenland
327,2020-07-22T22:00:13+0200,Kim Kardashian spreekt zich uit over stoornis van echtgenoot Kanye West ,https://nos.nl/artikel/2341550-kim-kardashian-spreekt-zich-uit-over-stoornis-van-echtgenoot-kanye-west,Buitenland
14,2023-10-19T13:14:26+0200,"Belangrijkste mensenrechtenprijs EU postuum naar Mahsa Amini, spil Iraanse protesten",https://nos.nl/artikel/2494631-belangrijkste-mensenrechtenprijs-eu-postuum-naar-mahsa-amini-spil-iraanse-protesten,Buitenland
351,2019-11-14T19:57:16+0100,Europees Parlement hekelt mogelijk Pools verbod op seksuele voorlichting,https://nos.nl/artikel/2310473-europees-parlement-hekelt-mogelijk-pools-verbod-op-seksuele-voorlichting,Buitenland
301,2020-10-28T20:44:05+0100,Honderden mensen bij protest Den Haag tegen inperking Poolse abortuswet,https://nos.nl/artikel/2354257-honderden-mensen-bij-protest-den-haag-tegen-inperking-poolse-abortuswet,Binnenland
419,2019-03-17T08:35:06+0100,Slowaken stemmen in de geest van vermoorde journalist Kuciak,https://nos.nl/artikel/2276325-slowaken-stemmen-in-de-geest-van-vermoorde-journalist-kuciak,Buitenland
61,2023-03-24T13:47:56+0100,Rapport legt 'systeem van massageweld' in gevangenissen Noord-Korea bloot,https://nos.nl/artikel/2468692-rapport-legt-systeem-van-massageweld-in-gevangenissen-noord-korea-bloot,Buitenland
584,2017-03-02T07:21:24+0100,Wekdienst van 2 maart: dit gebeurde terwijl je sliep,https://nos.nl/artikel/2160823-wekdienst-van-2-maart-dit-gebeurde-terwijl-je-sliep,Binnenland
622,2016-11-15T17:12:21+0100,Nog steeds protesten tegen Trump in VS,https://nos.nl/artikel/2143269-nog-steeds-protesten-tegen-trump-in-vs,Buitenland
529,2017-10-01T00:32:02+0200,Tienduizenden Ieren demonstreren voor soepelere abortuswetgeving ,https://nos.nl/artikel/2195618-tienduizenden-ieren-demonstreren-voor-soepelere-abortuswetgeving,Buitenland
218,2021-10-06T20:29:33+0200,Frida Kahlo in het Drents Museum: ‘Icoon dat haar tijd ver vooruit was’,https://nos.nl/nieuwsuur/artikel/2400634-frida-kahlo-in-het-drents-museum-icoon-dat-haar-tijd-ver-vooruit-was,Binnenland
235,2021-09-10T06:57:44+0200,Wekdienst 10/9: Halve finales US Open • Verdachte van kunstroof voor de rechter,https://nos.nl/artikel/2397229-wekdienst-10-9-halve-finales-us-open-verdachte-van-kunstroof-voor-de-rechter,Binnenland
395,2019-05-21T17:05:13+0200,"Abortuswetgeving VS wordt strenger, wankel evenwicht onder druk",https://nos.nl/artikel/2285705-abortuswetgeving-vs-wordt-strenger-wankel-evenwicht-onder-druk,Buitenland
530,2017-09-28T03:25:57+0200,"Hoekstra doorstaat verhoor, bijna VS-ambassadeur in 'progressief Nederland' ",https://nos.nl/artikel/2195124-hoekstra-doorstaat-verhoor-bijna-vs-ambassadeur-in-progressief-nederland,Binnenland
326,2020-08-23T15:00:01+0200,In Luzerne County is de steun voor Trump onwrikbaar,https://nos.nl/nieuwsuur/artikel/2345146-in-luzerne-county-is-de-steun-voor-trump-onwrikbaar,Buitenland
3,2023-10-13T23:25:30+0200,Met vrouwenrechten als splijtzwam gaat Polen de verkiezingen in,https://nos.nl/artikel/2494020-met-vrouwenrechten-als-splijtzwam-gaat-polen-de-verkiezingen-in,Buitenland
110,2022-09-10T06:46:20+0200,Wekdienst 10/9: Aantreden Charles bekrachtigd • Tijdelijk azc opent in Groningse Zoutkamp,https://nos.nl/artikel/2444044-wekdienst-10-9-aantreden-charles-bekrachtigd-tijdelijk-azc-opent-in-groningse-zoutkamp,Binnenland
583,2017-03-02T10:58:50+0100,Gezinsplanningsconferentie Brussel levert 181 miljoen euro op,https://nos.nl/artikel/2160839-gezinsplanningsconferentie-brussel-levert-181-miljoen-euro-op,Buitenland
412,2019-04-11T11:53:46+0200,Zuid-Koreaanse rechters vinden abortusverbod uit 1953 ongrondwettelijk   ,https://nos.nl/artikel/2279963-zuid-koreaanse-rechters-vinden-abortusverbod-uit-1953-ongrondwettelijk,Buitenland
513,2017-12-13T04:32:46+0100,"Omstreden Roy Moore verliest, Republikeinen nu met kleinst mogelijke meerderheid",https://nos.nl/artikel/2207303-omstreden-roy-moore-verliest-republikeinen-nu-met-kleinst-mogelijke-meerderheid,Buitenland
113,2022-09-04T16:45:07+0200,"Chili stemt over nieuwe sociale grondwet, maar is die ook betaalbaar?",https://nos.nl/artikel/2443278-chili-stemt-over-nieuwe-sociale-grondwet-maar-is-die-ook-betaalbaar,Buitenland
620,2016-11-21T14:09:11+0100,Paus verlengt vergiffenis-richtlijn na abortus,https://nos.nl/artikel/2144306-paus-verlengt-vergiffenis-richtlijn-na-abortus,Buitenland
410,2019-04-20T11:46:38+0200,Foetus na abortus ingeschreven in bevolkingsregister,https://nos.nl/artikel/2281277-foetus-na-abortus-ingeschreven-in-bevolkingsregister,Binnenland
414,2019-03-31T10:36:44+0200,"Zuzana Caputová, de Slowaakse 'Erin Brockovich' die president werd ",https://nos.nl/artikel/2278362-zuzana-caputova-de-slowaakse-erin-brockovich-die-president-werd,Buitenland
259,2021-02-25T21:02:26+0100,Kamermeerderheid wil af van bedenktijd abortus,https://nos.nl/artikel/2370310-kamermeerderheid-wil-af-van-bedenktijd-abortus,Politiek
21,2023-10-22T15:41:45+0200,Rechtse econoom blikvanger bij belangrijkste verkiezingen in jaren in Argentinië,https://nos.nl/artikel/2494960-rechtse-econoom-blikvanger-bij-belangrijkste-verkiezingen-in-jaren-in-argentinie,Buitenland
195,2021-12-27T02:34:18+0100,"Sarah Weddington, advocaat achter legalisatie abortus VS, overleden",https://nos.nl/artikel/2410979-sarah-weddington-advocaat-achter-legalisatie-abortus-vs-overleden,Buitenland
549,2017-06-28T20:01:40+0200,Achterban ChristenUnie wil principes terugzien in nieuw kabinet,https://nos.nl/nieuwsuur/artikel/2180462-achterban-christenunie-wil-principes-terugzien-in-nieuw-kabinet,Binnenland
635,2016-10-20T16:00:33+0200,The Series: Gokken in Vegas? Vergeet het maar...,https://nos.nl/artikel/2138750-the-series-gokken-in-vegas-vergeet-het-maar,Buitenland
136,2022-06-24T16:19:17+0200,Amerikaans Hooggerechtshof schrapt landelijk recht op abortus ,https://nos.nl/artikel/2433919-amerikaans-hooggerechtshof-schrapt-landelijk-recht-op-abortus,Buitenland
472,2018-05-26T20:27:03+0200,Ruim 66 procent van de Ieren stemde voor versoepelen abortus,https://nos.nl/artikel/2233675-ruim-66-procent-van-de-ieren-stemde-voor-versoepelen-abortus,Buitenland
507,2018-01-09T06:21:48+0100,SheDecides van oud-minister Ploumen krijgt prijs: 'Een geweldige opsteker',https://nos.nl/artikel/2211093-shedecides-van-oud-minister-ploumen-krijgt-prijs-een-geweldige-opsteker,Binnenland
562,2017-05-22T17:48:21+0200,De Mark Zuckerberg in jezelf: zou jij deze FB-posts verwijderen?,https://nos.nl/op3/artikel/2174472-de-mark-zuckerberg-in-jezelf-zou-jij-deze-fb-posts-verwijderen,Binnenland
602,2017-02-05T20:48:00+0100,"Mexico-stad presenteert eigen grondwet, met dank aan inwoners",https://nos.nl/artikel/2156711-mexico-stad-presenteert-eigen-grondwet-met-dank-aan-inwoners,Buitenland
452,2018-08-13T18:19:50+0200,Trump drukt stempel op rechtspraak dat nog lang effect zal hebben,https://nos.nl/artikel/2245973-trump-drukt-stempel-op-rechtspraak-dat-nog-lang-effect-zal-hebben,Buitenland
667,2016-06-27T09:37:25+0200,Schippers verandert wet voor abortuspil bij huisarts,https://nos.nl/artikel/2113813-schippers-verandert-wet-voor-abortuspil-bij-huisarts,Politiek
334,2020-03-24T07:34:20+0100,"Bijeenkomsten verboden, maar handhaven thuis geen prioriteit",https://nos.nl/liveblog/2328059-bijeenkomsten-verboden-maar-handhaven-thuis-geen-prioriteit,None
84,2022-12-03T01:42:30+0100,'Paus Johannes Paulus II verdoezelde misbruik door priesters',https://nos.nl/nieuwsuur/artikel/2454934-paus-johannes-paulus-ii-verdoezelde-misbruik-door-priesters,Buitenland
49,2023-04-22T02:06:05+0200,Hooggerechtshof VS schort verbod op abortuspil op,https://nos.nl/artikel/2472348-hooggerechtshof-vs-schort-verbod-op-abortuspil-op,Buitenland
499,2018-01-26T12:22:29+0100,Biobank met foetussen moet kennis aangeboren afwijking vergroten,https://nos.nl/artikel/2213835-biobank-met-foetussen-moet-kennis-aangeboren-afwijking-vergroten,Binnenland
316,2020-09-26T10:59:40+0200,Heldin religieus-rechts moet heldin progressief-links opvolgen in Hooggerechtshof,https://nos.nl/artikel/2349880-heldin-religieus-rechts-moet-heldin-progressief-links-opvolgen-in-hooggerechtshof,Buitenland
101,2022-10-19T21:50:36+0200,Tussentijdse verkiezingen in VS: in Florida gaat de Trump-revolutie door,https://nos.nl/artikel/2449051-tussentijdse-verkiezingen-in-vs-in-florida-gaat-de-trump-revolutie-door,Midterm-verkiezingen
247,2021-03-31T14:33:01+0200,Pools initiatief tegen huiselijk geweld: cosmetica-webshop als dekmantel,https://nos.nl/artikel/2374866-pools-initiatief-tegen-huiselijk-geweld-cosmetica-webshop-als-dekmantel,Buitenland
461,2018-07-23T07:06:11+0200,Wekdienst 23/7: aidsconferentie in Amsterdam en de Strandzesdaagse,https://nos.nl/artikel/2242809-wekdienst-23-7-aidsconferentie-in-amsterdam-en-de-strandzesdaagse,Binnenland
115,2022-08-22T10:52:18+0200,Nog altijd veel meldingen van intimidatie bij Utrechtse abortuskliniek,https://nos.nl/artikel/2441640-nog-altijd-veel-meldingen-van-intimidatie-bij-utrechtse-abortuskliniek,RTV Utrecht
126,2022-07-20T03:44:43+0200,Huis VS stemt voor bescherming homohuwelijk en gemengd huwelijk,https://nos.nl/artikel/2437498-huis-vs-stemt-voor-bescherming-homohuwelijk-en-gemengd-huwelijk,Buitenland
544,2017-06-30T18:32:48+0200,Formatie Dag 107: heikele punten besproken,https://nos.nl/artikel/2180787-formatie-dag-107-heikele-punten-besproken,Politiek
479,2018-05-25T08:55:27+0200,Ierland stemt over abortus: wordt het legaal?,https://nos.nl/nieuwsuur/artikel/2233447-ierland-stemt-over-abortus-wordt-het-legaal,Buitenland
408,2019-04-24T20:10:36+0200,Japan op de pijnbank voor gedwongen sterilisaties,https://nos.nl/artikel/2281912-japan-op-de-pijnbank-voor-gedwongen-sterilisaties,Buitenland
39,2023-05-24T18:48:45+0200,Nog onvoldoende politieke steun voor schrappen abortus uit strafrecht,https://nos.nl/artikel/2476329-nog-onvoldoende-politieke-steun-voor-schrappen-abortus-uit-strafrecht,Binnenland
378,2019-07-01T01:17:21+0200,Baudet schrok van eigen 'laatst gehuild?'-vraag aan Rutte tijdens debat,https://nos.nl/artikel/2291410-baudet-schrok-van-eigen-laatst-gehuild-vraag-aan-rutte-tijdens-debat,Politiek
236,2021-08-21T09:50:55+0200,"Chinese ouders 'mogen' nu drie kinderen, maar willen ze dat wel?",https://nos.nl/artikel/2394584-chinese-ouders-mogen-nu-drie-kinderen-maar-willen-ze-dat-wel,Buitenland
280,2020-12-10T13:36:59+0100,"CU wil pil in basispakket om abortus te voorkomen, werkt dat ook echt?",https://nos.nl/artikel/2360064-cu-wil-pil-in-basispakket-om-abortus-te-voorkomen-werkt-dat-ook-echt,Binnenland
255,2021-03-06T20:48:20+0100,Campagneblog: Ploumen opent aanval op VVD en CDA  • Reclamespots FvD binnen de regels,https://nos.nl/liveblog/2371437-campagneblog-ploumen-opent-aanval-op-vvd-en-cda-reclamespots-fvd-binnen-de-regels,None
284,2020-12-05T13:14:46+0100,Franse oud-president Giscard d'Estaing in besloten kring begraven,https://nos.nl/artikel/2359382-franse-oud-president-giscard-d-estaing-in-besloten-kring-begraven,Buitenland
387,2019-05-31T21:18:11+0200,Enige abortuskliniek in Missouri hoeft niet dicht,https://nos.nl/artikel/2287100-enige-abortuskliniek-in-missouri-hoeft-niet-dicht,Buitenland
425,2019-02-07T16:21:24+0100,Iets meer zwangerschappen afgebroken in 'roerig jaar voor abortuszorg',https://nos.nl/artikel/2270922-iets-meer-zwangerschappen-afgebroken-in-roerig-jaar-voor-abortuszorg,Binnenland
287,2020-12-02T07:42:35+0100,Meer Poolse vrouwen voor abortus naar Nederland,https://nos.nl/artikel/2358961-meer-poolse-vrouwen-voor-abortus-naar-nederland,Binnenland
137,2022-06-25T12:10:49+0200,Afschaffen abortusrecht verdeelt VS: van 'moment om te vieren' tot 'nachtmerrie',https://nos.nl/artikel/2434022-afschaffen-abortusrecht-verdeelt-vs-van-moment-om-te-vieren-tot-nachtmerrie,Buitenland
191,2022-01-27T07:04:43+0100,Wekdienst 27/1: Kamer praat over bedenktijd abortus • Herdenkingsdag Holocaust,https://nos.nl/artikel/2414672-wekdienst-27-1-kamer-praat-over-bedenktijd-abortus-herdenkingsdag-holocaust,Binnenland
575,2017-04-10T20:13:30+0200,Rechter Gorsuch beëdigd: Trumps eerste piketpaal,https://nos.nl/artikel/2167593-rechter-gorsuch-beedigd-trumps-eerste-piketpaal,Buitenland
535,2017-09-10T20:36:43+0200,Spraakmakende theoloog Harry Kuitert (92) overleden ,https://nos.nl/artikel/2192373-spraakmakende-theoloog-harry-kuitert-92-overleden,Binnenland
274,2021-01-14T19:15:26+0100,Cel- en taakstraf voor bedreiger van abortusklinieken  ,https://nos.nl/artikel/2364408-cel-en-taakstraf-voor-bedreiger-van-abortusklinieken,Rijnmond
478,2018-05-25T08:57:33+0200,Stembureaus voor abortusreferendum Ierland geopend,https://nos.nl/artikel/2233449-stembureaus-voor-abortusreferendum-ierland-geopend,Buitenland
540,2017-07-07T19:24:09+0200,Tiener krijgt 30 jaar cel in El Salvador voor miskraam,https://nos.nl/artikel/2182028-tiener-krijgt-30-jaar-cel-in-el-salvador-voor-miskraam,Buitenland
556,2017-06-07T19:54:41+0200,Slechtste uitspraak op gebied van gelijkheid: verkrachtingszaak Kenia,https://nos.nl/artikel/2177058-slechtste-uitspraak-op-gebied-van-gelijkheid-verkrachtingszaak-kenia,Buitenland
73,2023-01-06T06:54:13+0100,Wekdienst 6/1: Herstart zaak Peter R. de Vries • Eredivisie begint weer ,https://nos.nl/artikel/2458830-wekdienst-6-1-herstart-zaak-peter-r-de-vries-eredivisie-begint-weer,Binnenland
363,2019-09-10T18:16:17+0200,'Mijn generatie beseft door Handmaid's Tale hoe broos vrouwenrechten zijn',https://nos.nl/artikel/2301165-mijn-generatie-beseft-door-handmaid-s-tale-hoe-broos-vrouwenrechten-zijn,Cultuur &amp; Media
107,2022-09-22T18:59:41+0200,"Italië koerst af op vrouwelijke premier, maar niet alle vrouwen zijn daar blij mee",https://nos.nl/artikel/2445595-italie-koerst-af-op-vrouwelijke-premier-maar-niet-alle-vrouwen-zijn-daar-blij-mee,Buitenland
350,2019-11-15T21:34:30+0100,Twitter start volgende week met weren politieke advertenties ,https://nos.nl/artikel/2310634-twitter-start-volgende-week-met-weren-politieke-advertenties,Economie
617,2016-12-18T10:52:43+0100,Omstreden mediaregels Polen van de baan,https://nos.nl/artikel/2148943-omstreden-mediaregels-polen-van-de-baan,Buitenland
33,2023-07-21T22:24:45+0200,Biden draagt eerste vrouwelijke admiraal voor als bevelhebber marine,https://nos.nl/artikel/2483714-biden-draagt-eerste-vrouwelijke-admiraal-voor-als-bevelhebber-marine,Buitenland
424,2019-02-08T07:31:21+0100,Hooggerechtshof VS houdt abortuswet af,https://nos.nl/artikel/2271006-hooggerechtshof-vs-houdt-abortuswet-af,Buitenland
146,2022-06-16T16:31:28+0200,Brandbrief: drempel tot abortus te hoog bij kwetsbare vrouwen,https://nos.nl/artikel/2432932-brandbrief-drempel-tot-abortus-te-hoog-bij-kwetsbare-vrouwen,Binnenland
2,2023-10-23T15:33:23+0200,"Podcast De Dag: Mike Johnson is onbekend, christen en trumpist",https://nos.nl/artikel/2495085-podcast-de-dag-mike-johnson-is-onbekend-christen-en-trumpist,Buitenland
345,2019-11-22T10:52:56+0100,OM verzwaart verdenking tegen Diemenaar: abortus zonder toestemming,https://nos.nl/artikel/2311517-om-verzwaart-verdenking-tegen-diemenaar-abortus-zonder-toestemming,Binnenland
30,2023-11-18T09:55:43+0100,Yesilgöz aangevallen over migratie • Jetten en Wilders botsen over 'extreemrechts',https://nos.nl/liveblog/2498269-yesilgoz-aangevallen-over-migratie-jetten-en-wilders-botsen-over-extreemrechts,None
97,2022-10-28T16:46:17+0200,Vanavond op tv: Covidbeleid China • Doneer compensatie • Abortusprotesten,https://nos.nl/nieuwsuur/artikel/2450110-vanavond-op-tv-covidbeleid-china-doneer-compensatie-abortusprotesten,Binnenland
76,2022-12-08T20:39:22+0100,'Groenlandse vrouwen kregen ook na 1991 nog ongewilde anticonceptie',https://nos.nl/artikel/2455639-groenlandse-vrouwen-kregen-ook-na-1991-nog-ongewilde-anticonceptie,Buitenland
501,2018-01-24T17:15:02+0100,Deze Drents-Syrische arts helpt Arabische vrouwen met abortus,https://nos.nl/artikel/2213569-deze-drents-syrische-arts-helpt-arabische-vrouwen-met-abortus,Binnenland
199,2021-12-01T19:40:44+0100,Hooggerechtshof VS buigt zich vanaf vandaag (maanden) over anti-abortuswet Mississippi,https://nos.nl/artikel/2407815-hooggerechtshof-vs-buigt-zich-vanaf-vandaag-maanden-over-anti-abortuswet-mississippi,Buitenland
403,2019-05-12T08:55:47+0200,Alyssa Milano roept op tot seks-staking uit protest tegen anti-abortuswet,https://nos.nl/artikel/2284199-alyssa-milano-roept-op-tot-seks-staking-uit-protest-tegen-anti-abortuswet,Buitenland
459,2018-08-01T09:32:55+0200,Ophef in Indonesië na celstraf voor incest-abortus,https://nos.nl/artikel/2244103-ophef-in-indonesie-na-celstraf-voor-incest-abortus,Buitenland
536,2017-09-09T09:56:58+0200,Ploumen: volgend kabinet moet 'gezinsfonds' doorzetten,https://nos.nl/artikel/2192092-ploumen-volgend-kabinet-moet-gezinsfonds-doorzetten,Politiek
99,2022-10-21T19:50:10+0200,Giorgia Meloni officieel eerste vrouwelijke premier van Italië,https://nos.nl/artikel/2449290-giorgia-meloni-officieel-eerste-vrouwelijke-premier-van-italie,Buitenland
480,2018-05-25T06:57:24+0200,Wekdienst 25/5: nieuwe onthullingen MH17 en privacywet van kracht,https://nos.nl/artikel/2233425-wekdienst-25-5-nieuwe-onthullingen-mh17-en-privacywet-van-kracht,Binnenland
579,2017-03-21T18:06:02+0100,Kandidaat-rechter VS: ik heb een open blik,https://nos.nl/artikel/2164329-kandidaat-rechter-vs-ik-heb-een-open-blik,Buitenland
142,2022-06-21T14:02:15+0200,Verplichte bedenktermijn bij abortus verdwijnt,https://nos.nl/artikel/2433490-verplichte-bedenktermijn-bij-abortus-verdwijnt,Politiek
651,2016-09-10T18:06:43+0200,Trump maakt evangelisch Amerika het hof: ik zal vechten voor het gezin,https://nos.nl/artikel/2131193-trump-maakt-evangelisch-amerika-het-hof-ik-zal-vechten-voor-het-gezin,Buitenland
15,2023-10-23T03:47:29+0200,"Nog geen nieuwe president Argentinië, tweede stemronde in november nodig ",https://nos.nl/artikel/2495031-nog-geen-nieuwe-president-argentinie-tweede-stemronde-in-november-nodig,Buitenland
390,2019-05-30T07:00:14+0200,Wekdienst 30/5: het is Hemelvaart en Curaçaoënaars herdenken volksopstand,https://nos.nl/artikel/2286915-wekdienst-30-5-het-is-hemelvaart-en-curacaoenaars-herdenken-volksopstand,Binnenland
670,2016-06-21T19:17:43+0200,Abortuspillen via drone naar Noord-Ierland,https://nos.nl/op3/artikel/2112613-abortuspillen-via-drone-naar-noord-ierland,Buitenland
434,2018-11-24T14:05:27+0100,24-uurs-informatienummer voor ongewenst zwangere meisjes en vrouwen,https://nos.nl/artikel/2260618-24-uurs-informatienummer-voor-ongewenst-zwangere-meisjes-en-vrouwen,Politiek
273,2021-01-18T09:30:01+0100,JA21 wil nieuwe stad bouwen en discussie over abortus,https://nos.nl/artikel/2364903-ja21-wil-nieuwe-stad-bouwen-en-discussie-over-abortus,Politiek
656,2016-07-25T21:21:36+0200,Baby met microcefalie door zika geboren in Spanje,https://nos.nl/artikel/2119619-baby-met-microcefalie-door-zika-geboren-in-spanje,Buitenland
506,2018-01-09T07:01:04+0100,Wekdienst 09/01: Machiavelliprijs voor Ploumen en mogelijk plagiaatrelletje,https://nos.nl/artikel/2211100-wekdienst-09-01-machiavelliprijs-voor-ploumen-en-mogelijk-plagiaatrelletje,Binnenland
495,2018-02-21T13:51:33+0100,Linkse oppositie komt met initiatiefwet voor abortuspil bij huisarts,https://nos.nl/artikel/2218614-linkse-oppositie-komt-met-initiatiefwet-voor-abortuspil-bij-huisarts,Binnenland
165,2022-05-03T19:18:59+0200,"Uitgelekt advies over abortus in VS 'was concept, nog niet definitief'",https://nos.nl/artikel/2427413-uitgelekt-advies-over-abortus-in-vs-was-concept-nog-niet-definitief,Buitenland
386,2019-06-04T18:56:05+0200,"'Dump Trump': duizenden demonstranten in Londen, maar minder dan verwacht",https://nos.nl/artikel/2287619-dump-trump-duizenden-demonstranten-in-londen-maar-minder-dan-verwacht,Buitenland
17,2023-09-29T11:44:55+0200,"SGP: kwetsbaar leven, familie en veiligheid speerpunten",https://nos.nl/artikel/2492262-sgp-kwetsbaar-leven-familie-en-veiligheid-speerpunten,Politiek
629,2016-11-01T17:27:53+0100,"The Series: Presidentsverkiezingen, kan het nog belangrijker?",https://nos.nl/artikel/2140866-the-series-presidentsverkiezingen-kan-het-nog-belangrijker,Buitenland
647,2016-10-03T07:07:40+0200,Karina (22) wil zelf bepalen of ze na verkrachting abortus mag plegen,https://nos.nl/op3/artikel/2135658-karina-22-wil-zelf-bepalen-of-ze-na-verkrachting-abortus-mag-plegen,Buitenland
242,2021-05-17T21:28:21+0200,Hooggerechtshof VS bekijkt beperking recht op abortus,https://nos.nl/artikel/2381187-hooggerechtshof-vs-bekijkt-beperking-recht-op-abortus,Buitenland
150,2022-06-20T20:47:27+0200,Vanavond op tv: Wat merken wij van Duits gasnoodplan? • Hoe beoordeelt het OM protestacties?,https://nos.nl/nieuwsuur/artikel/2433417-vanavond-op-tv-wat-merken-wij-van-duits-gasnoodplan-hoe-beoordeelt-het-om-protestacties,Binnenland
204,2021-11-27T16:31:52+0100,De uitzending van 27 november: Zorgen om omikron / Hoe bereik je vaccintwijfelaars? / Paula Rego in Den Haag,https://nos.nl/nieuwsuur/artikel/2407301-de-uitzending-van-27-november-zorgen-om-omikron-hoe-bereik-je-vaccintwijfelaars-paula-rego-in-den-haag,Binnenland
490,2018-03-11T08:19:16+0100,Wekdienst 11/3: nieuwe naam Front National en Xi president voor het leven?,https://nos.nl/artikel/2221725-wekdienst-11-3-nieuwe-naam-front-national-en-xi-president-voor-het-leven,Binnenland
223,2021-09-29T12:28:42+0200,Onderzoek: WHO-werknemers misbruikten vrouwen in Congo tijdens ebolacrisis,https://nos.nl/artikel/2399675-onderzoek-who-werknemers-misbruikten-vrouwen-in-congo-tijdens-ebolacrisis,Buitenland
312,2020-10-12T17:43:32+0200,Democraten in Senaat: benoeming kandidaat-rechter wordt 'erdoorheen geramd',https://nos.nl/artikel/2352054-democraten-in-senaat-benoeming-kandidaat-rechter-wordt-erdoorheen-geramd,Van Trump naar Biden
138,2022-06-24T19:05:25+0200,"Biden woedend over abortus-uitspraak hof, spreekt van 'tragische fout'",https://nos.nl/artikel/2433945-biden-woedend-over-abortus-uitspraak-hof-spreekt-van-tragische-fout,Buitenland
158,2022-05-09T05:41:47+0200,Brand gesticht in kantoor anti-abortusorganisatie VS ,https://nos.nl/artikel/2428055-brand-gesticht-in-kantoor-anti-abortusorganisatie-vs,Buitenland
54,2023-03-29T04:23:52+0200,Verdachte opgepakt voor brandbommen anti-abortuskantoor VS,https://nos.nl/artikel/2469284-verdachte-opgepakt-voor-brandbommen-anti-abortuskantoor-vs,Buitenland
654,2016-09-01T11:37:22+0200,Mega veiligheidsoperatie bij heiligverklaring Moeder Teresa,https://nos.nl/artikel/2129358-mega-veiligheidsoperatie-bij-heiligverklaring-moeder-teresa,Buitenland
122,2022-08-06T07:10:34+0200,Wekdienst 6/8: Canal Parade in Amsterdam • PSV en Ajax in actie,https://nos.nl/artikel/2439552-wekdienst-6-8-canal-parade-in-amsterdam-psv-en-ajax-in-actie,Binnenland
305,2020-10-25T00:45:46+0200,Meer dan 120 arrestaties bij nieuwe abortusbetoging Warschau,https://nos.nl/artikel/2353713-meer-dan-120-arrestaties-bij-nieuwe-abortusbetoging-warschau,Buitenland
431,2018-12-08T20:22:17+0100,"Gelehesjesprotesten: bijna 1400 arrestaties, gewonden en veel vernielingen",https://nos.nl/artikel/2262634-gelehesjesprotesten-bijna-1400-arrestaties-gewonden-en-veel-vernielingen,Binnenland
314,2020-10-07T15:29:07+0200,Verdachte van bedreigen personeel abortusklinieken opgepakt,https://nos.nl/artikel/2351372-verdachte-van-bedreigen-personeel-abortusklinieken-opgepakt,Binnenland
295,2020-11-03T16:35:49+0100,"Oud-ambassadeur VS: 'Als Biden wint, is dat de wraak van de vrouwelijke kiezer'",https://nos.nl/nieuwsuur/artikel/2355087-oud-ambassadeur-vs-als-biden-wint-is-dat-de-wraak-van-de-vrouwelijke-kiezer,Buitenland
542,2017-07-05T13:12:06+0200,Simone Veil wordt bijgezet in Panthéon,https://nos.nl/artikel/2181566-simone-veil-wordt-bijgezet-in-pantheon,Buitenland
114,2022-08-06T17:07:51+0200,Podcast Oog: waarom demonstreert Joop tegen abortus?,https://nos.nl/artikel/2439600-podcast-oog-waarom-demonstreert-joop-tegen-abortus,Cultuur &amp; Media
344,2019-12-04T20:31:37+0100,Vanaf volgend jaar gratis spiraaltje na abortus,https://nos.nl/artikel/2313310-vanaf-volgend-jaar-gratis-spiraaltje-na-abortus,Politiek
660,2016-07-21T05:16:07+0200,"Pence accepteert vice-presidentschap Trump, Cruz uitgejoeld",https://nos.nl/artikel/2118813-pence-accepteert-vice-presidentschap-trump-cruz-uitgejoeld,Buitenland
462,2018-07-23T02:31:07+0200,170 Britse politici tekenen brief over hervorming Noord-Ierse abortuswet,https://nos.nl/artikel/2242800-170-britse-politici-tekenen-brief-over-hervorming-noord-ierse-abortuswet,Buitenland
275,2021-01-10T19:44:09+0100,Twitter verwijdert bericht Chinese ambassade over 'Oeigoerse baby-machines',https://nos.nl/artikel/2363848-twitter-verwijdert-bericht-chinese-ambassade-over-oeigoerse-baby-machines,Buitenland
264,2021-02-10T18:08:33+0100,Mogelijk acht jaar cel voor leider Poolse abortusprotesten,https://nos.nl/artikel/2368124-mogelijk-acht-jaar-cel-voor-leider-poolse-abortusprotesten,Buitenland
178,2022-04-01T20:55:38+0200,VN: groter risico voor Oekraïense vrouwen om ongewenst zwanger te worden,https://nos.nl/artikel/2423535-vn-groter-risico-voor-oekraiense-vrouwen-om-ongewenst-zwanger-te-worden,Binnenland
371,2019-08-27T20:00:02+0200,'Meer abortussen in ontwikkelingslanden door anti-abortusbeleid in VS',https://nos.nl/artikel/2299233-meer-abortussen-in-ontwikkelingslanden-door-anti-abortusbeleid-in-vs,Buitenland
502,2018-01-17T19:02:29+0100,De app gebruikt en toch zwanger,https://nos.nl/artikel/2212400-de-app-gebruikt-en-toch-zwanger,Buitenland
441,2018-10-14T11:47:23+0200,Oscar Romero en paus Paulus VI heilig verklaard,https://nos.nl/artikel/2254760-oscar-romero-en-paus-paulus-vi-heilig-verklaard,Buitenland
337,2020-02-17T18:02:20+0100,Podcast Oog: Voetbaltrainer Ron Jans in opspraak en bijzondere wierook,https://nos.nl/artikel/2323487-podcast-oog-voetbaltrainer-ron-jans-in-opspraak-en-bijzondere-wierook,Binnenland
175,2022-05-03T06:39:19+0200,Wekdienst 3/5: Premiers van Finland en Zweden in Duitsland • Uitspraak tegen verdachte Zaanse kunstroof,https://nos.nl/artikel/2427336-wekdienst-3-5-premiers-van-finland-en-zweden-in-duitsland-uitspraak-tegen-verdachte-zaanse-kunstroof,Binnenland
458,2018-08-01T16:43:56+0200,YouTube censureert video’s Nederlandse organisaties: 'Kanaal weer op zwart',https://nos.nl/nieuwsuur/artikel/2244146-youtube-censureert-video-s-nederlandse-organisaties-kanaal-weer-op-zwart,Binnenland
189,2022-02-02T16:31:24+0100,Kabinet heeft geen oordeel over afschaffing verplichte bedenktermijn abortus,https://nos.nl/artikel/2415455-kabinet-heeft-geen-oordeel-over-afschaffing-verplichte-bedenktermijn-abortus,Politiek
194,2022-01-27T03:41:10+0100,Onderzoek: rooms-katholieken in Nederland veel progressiever dan de kerk,https://nos.nl/artikel/2414666-onderzoek-rooms-katholieken-in-nederland-veel-progressiever-dan-de-kerk,Binnenland
548,2017-06-28T22:57:29+0200,"Formatie Dag 105: Zalm denkt ook aan ""verwaarloosd gezin"" van onderhandelaars",https://nos.nl/artikel/2180482-formatie-dag-105-zalm-denkt-ook-aan-verwaarloosd-gezin-van-onderhandelaars,Politiek
239,2021-06-19T02:18:38+0200,Amerikaanse priesters willen Biden communie weigeren om abortusstandpunt,https://nos.nl/artikel/2385706-amerikaanse-priesters-willen-biden-communie-weigeren-om-abortusstandpunt,Buitenland
220,2021-09-23T15:27:27+0200,Britse met downsyndroom verliest abortuszaak,https://nos.nl/artikel/2398950-britse-met-downsyndroom-verliest-abortuszaak,Buitenland
563,2017-05-21T21:50:42+0200,"Facebookregels: abortus tonen mag, Trump bedreigen niet",https://nos.nl/artikel/2174339-facebookregels-abortus-tonen-mag-trump-bedreigen-niet,Tech
369,2019-09-04T18:57:01+0200,Journaliste in Marokko opgepakt om 'illegale abortus',https://nos.nl/artikel/2300346-journaliste-in-marokko-opgepakt-om-illegale-abortus,Buitenland
169,2022-05-03T04:31:05+0200,'Amerikaans Hooggerechtshof wil federaal abortusrecht afschaffen',https://nos.nl/artikel/2427333-amerikaans-hooggerechtshof-wil-federaal-abortusrecht-afschaffen,Buitenland
432,2018-12-08T19:36:21+0100,Franse minister: situatie Parijs is onder controle,https://nos.nl/liveblog/2262561-franse-minister-situatie-parijs-is-onder-controle,None
260,2021-02-25T07:08:45+0100,Bedenktijd voor abortus belastend of nodig? Onderwerp opnieuw ter discussie,https://nos.nl/artikel/2370195-bedenktijd-voor-abortus-belastend-of-nodig-onderwerp-opnieuw-ter-discussie,Binnenland
250,2021-03-16T23:28:35+0100,Lijsttrekkers proberen nog één keer hun punt te maken,https://nos.nl/artikel/2372941-lijsttrekkers-proberen-nog-een-keer-hun-punt-te-maken,De uitslagen
537,2017-08-08T00:41:54+0200,Rechter verbiedt abortus voor verkracht Indiaas meisje van 10,https://nos.nl/artikel/2186995-rechter-verbiedt-abortus-voor-verkracht-indiaas-meisje-van-10,Buitenland
560,2017-05-23T15:49:35+0200,Formatie: een verkennend gesprek met tegenzin,https://nos.nl/nieuwsuur/artikel/2174616-formatie-een-verkennend-gesprek-met-tegenzin,Politiek
342,2019-12-21T16:17:38+0100,Vrouwen leidend in Finse politiek door onderwijssysteem,https://nos.nl/nieuwsuur/artikel/2315739-vrouwen-leidend-in-finse-politiek-door-onderwijssysteem,Buitenland
641,2016-10-08T11:55:28+0200,"Donald, Bill en de vrouwen: een ongemakkelijke relatie",https://nos.nl/artikel/2136616-donald-bill-en-de-vrouwen-een-ongemakkelijke-relatie,Buitenland
468,2018-06-30T01:19:54+0200,Trump gaat Russische inmenging bij verkiezingen met Poetin bespreken,https://nos.nl/artikel/2239114-trump-gaat-russische-inmenging-bij-verkiezingen-met-poetin-bespreken,Buitenland
644,2016-10-05T18:34:36+0200,Totaalverbod op abortus in Polen van de baan,https://nos.nl/artikel/2136163-totaalverbod-op-abortus-in-polen-van-de-baan,Buitenland
511,2017-12-13T14:09:56+0100,Medisch wonder: Britse baby herstelt na drie zware hartoperaties,https://nos.nl/artikel/2207372-medisch-wonder-britse-baby-herstelt-na-drie-zware-hartoperaties,Buitenland
205,2021-11-07T08:20:46+0100,Polen massaal op de been tegen abortuswet na dood zwangere vrouw,https://nos.nl/artikel/2404661-polen-massaal-op-de-been-tegen-abortuswet-na-dood-zwangere-vrouw,Buitenland
604,2017-01-31T06:40:02+0100,Trump Daily 31 januari: eerste rechtszaken tegen het inreisverbod,https://nos.nl/artikel/2155824-trump-daily-31-januari-eerste-rechtszaken-tegen-het-inreisverbod,Buitenland
554,2017-06-20T13:19:59+0200,Marketingbureau gooit privacy Amerikaanse kiezers te grabbel,https://nos.nl/artikel/2179100-marketingbureau-gooit-privacy-amerikaanse-kiezers-te-grabbel,Buitenland
263,2021-02-19T08:19:12+0100,Amerikaanse staat South Carolina neemt strenge abortuswet aan,https://nos.nl/artikel/2369337-amerikaanse-staat-south-carolina-neemt-strenge-abortuswet-aan,Buitenland
649,2016-09-22T17:39:44+0200,Vijf jaar cel voor abortus in Polen?,https://nos.nl/artikel/2133880-vijf-jaar-cel-voor-abortus-in-polen,Buitenland
323,2020-09-09T06:37:10+0200,'Enorme marketingmachine' Keeping up with the Kardashians stopt na 14 jaar,https://nos.nl/artikel/2347439-enorme-marketingmachine-keeping-up-with-the-kardashians-stopt-na-14-jaar,Cultuur &amp; Media
460,2018-07-27T14:16:51+0200,'Sommige levens zullen we niet langer kunnen redden',https://nos.nl/artikel/2243468-sommige-levens-zullen-we-niet-langer-kunnen-redden,Binnenland
262,2021-02-23T05:46:44+0100,Lagerhuis Canada: China pleegt genocide op Oeigoeren,https://nos.nl/artikel/2369893-lagerhuis-canada-china-pleegt-genocide-op-oeigoeren,Buitenland
109,2022-09-14T06:41:03+0200,Wekdienst 14/9: Von der Leyen presenteert plannen • Rechtszaak Donny M. begint,https://nos.nl/artikel/2444526-wekdienst-14-9-von-der-leyen-presenteert-plannen-rechtszaak-donny-m-begint,Binnenland
333,2020-03-24T15:06:02+0100,"63 coronapatiënten overleden sinds gisteren, dodental staat nu op 276",https://nos.nl/liveblog/2328134-63-coronapatienten-overleden-sinds-gisteren-dodental-staat-nu-op-276,None
598,2017-02-09T08:03:47+0100,Ploumen krijgt hulp van zeven landen bij aftrap abortus-fonds,https://nos.nl/artikel/2157229-ploumen-krijgt-hulp-van-zeven-landen-bij-aftrap-abortus-fonds,Binnenland
415,2019-03-31T01:03:10+0100,Anti-corruptie-activiste Caputová gekozen tot president Slowakije,https://nos.nl/artikel/2278330-anti-corruptie-activiste-caputova-gekozen-tot-president-slowakije,Buitenland
56,2023-04-14T02:15:22+0200,"Florida verscherpt abortuswet, raakt ook zwangeren uit omliggende staten",https://nos.nl/artikel/2471346-florida-verscherpt-abortuswet-raakt-ook-zwangeren-uit-omliggende-staten,Buitenland
261,2021-02-23T10:16:01+0100,Lichaam vermiste studente Sumanta Bansi mogelijk opgelost,https://nos.nl/artikel/2369909-lichaam-vermiste-studente-sumanta-bansi-mogelijk-opgelost,Binnenland
646,2016-10-03T18:54:02+0200,Poolse vrouwen voeren op 'Zwarte Maandag' actie tegen strengere abortuswet,https://nos.nl/artikel/2135788-poolse-vrouwen-voeren-op-zwarte-maandag-actie-tegen-strengere-abortuswet,Buitenland
669,2016-06-25T17:31:17+0200,Gaat de klok terug voor abortus in VS?,https://nos.nl/artikel/2113530-gaat-de-klok-terug-voor-abortus-in-vs,Buitenland
179,2022-04-05T02:11:21+0200,"Benoeming Brown Jackson Hooggerechtshof lijkt zeker, met steun 3 Republikeinen",https://nos.nl/artikel/2423936-benoeming-brown-jackson-hooggerechtshof-lijkt-zeker-met-steun-3-republikeinen,Buitenland
290,2020-11-14T14:35:39+0100,Corona-proof Mars voor het Leven en tegendemonstratie in Den Haag,https://nos.nl/artikel/2356533-corona-proof-mars-voor-het-leven-en-tegendemonstratie-in-den-haag,Omroep West
318,2020-09-23T11:31:49+0200,Abortusactivist Gomperts op lijst invloedrijkste mensen van Time,https://nos.nl/artikel/2349526-abortusactivist-gomperts-op-lijst-invloedrijkste-mensen-van-time,Binnenland
184,2022-03-10T16:13:18+0100,'Mogelijk vanaf volgend jaar eerste abortuspillen bij huisarts' ,https://nos.nl/artikel/2420611-mogelijk-vanaf-volgend-jaar-eerste-abortuspillen-bij-huisarts,Politiek
313,2020-10-09T22:50:23+0200,Trump had aandelen in farmaceut van door hem geprezen coronamedicijn,https://nos.nl/artikel/2351719-trump-had-aandelen-in-farmaceut-van-door-hem-geprezen-coronamedicijn,Buitenland
47,2023-06-07T22:02:08+0200,Pence haalt uit naar Trump bij aftrap presidentscampagne,https://nos.nl/artikel/2478112-pence-haalt-uit-naar-trump-bij-aftrap-presidentscampagne,Buitenland
659,2016-07-21T09:18:10+0200,Moeder veroordeeld voor baby in afvoerput,https://nos.nl/artikel/2118837-moeder-veroordeeld-voor-baby-in-afvoerput,Buitenland
123,2022-07-14T07:22:20+0200,Arrestatie in zaak verkrachting 10-jarig meisje in VS,https://nos.nl/artikel/2436641-arrestatie-in-zaak-verkrachting-10-jarig-meisje-in-vs,Buitenland
498,2018-01-30T01:35:44+0100,Ieren mogen in mei stemmen over strenge abortuswetgeving,https://nos.nl/artikel/2214428-ieren-mogen-in-mei-stemmen-over-strenge-abortuswetgeving,Buitenland
245,2021-04-28T18:29:13+0200,Financieel beheerder Vaticaan investeerde miljoenen in productie abortuspil,https://nos.nl/artikel/2378625-financieel-beheerder-vaticaan-investeerde-miljoenen-in-productie-abortuspil,Buitenland
118,2022-08-03T05:13:44+0200,Meerderheid in Kansas stemt voor behoud abortusrecht,https://nos.nl/artikel/2439239-meerderheid-in-kansas-stemt-voor-behoud-abortusrecht,Buitenland
365,2019-09-10T07:41:17+0200,Bijna 10.000 doodgeboren kinderen geregistreerd,https://nos.nl/artikel/2301082-bijna-10-000-doodgeboren-kinderen-geregistreerd,Binnenland
196,2021-12-27T06:55:05+0100,Wekdienst 27/12: Vaccinatieplicht kinderen New York • Uitspraak in zaak oprichter Loterijverlies,https://nos.nl/artikel/2410983-wekdienst-27-12-vaccinatieplicht-kinderen-new-york-uitspraak-in-zaak-oprichter-loterijverlies,Binnenland
82,2022-11-30T21:33:23+0100,Zorgen bij kabinet om toenemende weerstand in wereld rond lhbti-thema's,https://nos.nl/artikel/2454624-zorgen-bij-kabinet-om-toenemende-weerstand-in-wereld-rond-lhbti-thema-s,Politiek
53,2023-04-08T03:23:13+0200,Onduidelijkheid over toegang tot abortuspil in VS na tegenstrijdige uitspraken,https://nos.nl/artikel/2470594-onduidelijkheid-over-toegang-tot-abortuspil-in-vs-na-tegenstrijdige-uitspraken,Buitenland
92,2022-11-09T14:05:03+0100,De Rode Golf werd een golfje: dit weten we nu over de midterms,https://nos.nl/artikel/2451720-de-rode-golf-werd-een-golfje-dit-weten-we-nu-over-de-midterms,Buitenland
11,2023-11-12T00:34:44+0100,"Nieuw bestuur is voor Omtzigt 'cruciaal', maar zijn plannen stuiten op kritiek",https://nos.nl/nieuwsuur/artikel/2497513-nieuw-bestuur-is-voor-omtzigt-cruciaal-maar-zijn-plannen-stuiten-op-kritiek,Lijsttrekkers 2023
35,2023-11-12T08:59:42+0100,"RTL-verkiezingsdebat: Stevige gesprekken over zorg, woningtekort en armoedeval",https://nos.nl/liveblog/2497539-rtl-verkiezingsdebat-stevige-gesprekken-over-zorg-woningtekort-en-armoedeval,None
108,2022-09-24T17:10:25+0200,Nederlander Schuurhuis debuteert op WK wielrennen voor Vaticaan: 'Knijp mezelf elke dag',https://nos.nl/artikel/2445839-nederlander-schuurhuis-debuteert-op-wk-wielrennen-voor-vaticaan-knijp-mezelf-elke-dag,Wielrennen
119,2022-07-24T19:28:22+0200,"Langs frontlinie van abortus VS: hier overvolle klinieken, daar wanhoop",https://nos.nl/artikel/2438180-langs-frontlinie-van-abortus-vs-hier-overvolle-klinieken-daar-wanhoop,Buitenland
156,2022-05-17T11:06:02+0200,Starbucks wil reiskosten voor abortus op zich nemen voor werknemers VS,https://nos.nl/artikel/2429157-starbucks-wil-reiskosten-voor-abortus-op-zich-nemen-voor-werknemers-vs,Buitenland
375,2019-07-14T21:35:12+0200,Braziliaanse leraren vrezen wetsvoorstel om lessen te filmen,https://nos.nl/artikel/2293511-braziliaanse-leraren-vrezen-wetsvoorstel-om-lessen-te-filmen,Buitenland
256,2021-03-03T00:01:46+0100,PvdD-lijsttrekker Ouwehand: 'Onze lijn is altijd seculier en dat blijft zo',https://nos.nl/nieuwsuur/artikel/2371002-pvdd-lijsttrekker-ouwehand-onze-lijn-is-altijd-seculier-en-dat-blijft-zo,Richting de stembus
31,2023-11-14T07:22:58+0100,Wilders: islam geen prioriteit meer • Bontenbal: CDA had te weinig klimaatambities,https://nos.nl/liveblog/2497761-wilders-islam-geen-prioriteit-meer-bontenbal-cda-had-te-weinig-klimaatambities,None
330,2020-06-29T19:23:50+0200,Hooggerechtshof VS verwerpt conservatieve abortuswet Louisiana ,https://nos.nl/artikel/2338963-hooggerechtshof-vs-verwerpt-conservatieve-abortuswet-louisiana,Buitenland
585,2017-02-26T21:06:28+0100,Abortusboot weg uit Guatemala: 'het wordt te gevaarlijk' ,https://nos.nl/artikel/2160286-abortusboot-weg-uit-guatemala-het-wordt-te-gevaarlijk,Binnenland
58,2023-04-16T19:22:44+0200,Marokko is klaar met geweld tegen vrouwen: juridische hervorming in zicht,https://nos.nl/nieuwsuur/artikel/2471682-marokko-is-klaar-met-geweld-tegen-vrouwen-juridische-hervorming-in-zicht,Buitenland
182,2022-03-20T15:59:40+0100,Vanavond op tv: Zelensky spreekt tot Israël • Zuiveringen door Poetin • Abortusregels onder de loep,https://nos.nl/nieuwsuur/artikel/2421997-vanavond-op-tv-zelensky-spreekt-tot-israel-zuiveringen-door-poetin-abortusregels-onder-de-loep,Binnenland
589,2017-02-24T11:57:36+0100,Campagneblog 24-2: SGP-programma ontleed en congres VNL,https://nos.nl/liveblog/2159790-campagneblog-24-2-sgp-programma-ontleed-en-congres-vnl,None
603,2017-02-01T10:09:37+0100,"Abortus en doodstraf, Hooggerechtshof VS gaat over leven en dood",https://nos.nl/artikel/2155996-abortus-en-doodstraf-hooggerechtshof-vs-gaat-over-leven-en-dood,Buitenland
355,2019-10-29T22:13:19+0100,Rechter blokkeert strenge abortuswet in Amerikaanse staat Alabama,https://nos.nl/artikel/2308228-rechter-blokkeert-strenge-abortuswet-in-amerikaanse-staat-alabama,Buitenland
51,2023-05-24T06:25:06+0200,Wekdienst 24/5: Debat over streamingsdiensten • Uitspraak in zaak regionale vervoerders,https://nos.nl/artikel/2476246-wekdienst-24-5-debat-over-streamingsdiensten-uitspraak-in-zaak-regionale-vervoerders,Binnenland
87,2022-11-22T14:58:20+0100,"Rus (29) 'maakte witwassen cryptovaluta mogelijk', moet vast blijven zitten",https://nos.nl/artikel/2453428-rus-29-maakte-witwassen-cryptovaluta-mogelijk-moet-vast-blijven-zitten,Tech
547,2017-06-29T14:36:25+0200,Het contraseign: uitweg voor nieuw kabinet rond ethische dilemma's?,https://nos.nl/artikel/2180585-het-contraseign-uitweg-voor-nieuw-kabinet-rond-ethische-dilemma-s,Politiek
36,2023-08-14T18:28:10+0200,Trump-adept wint voorverkiezingen en zet Argentijnse politiek op z'n kop,https://nos.nl/artikel/2486645-trump-adept-wint-voorverkiezingen-en-zet-argentijnse-politiek-op-z-n-kop,Buitenland
38,2023-07-23T20:34:18+0200,"Partido Popular wint fors in Spanje, maar geen meerderheid rechtse partijen",https://nos.nl/artikel/2483964-partido-popular-wint-fors-in-spanje-maar-geen-meerderheid-rechtse-partijen,Buitenland
376,2019-07-05T14:09:46+0200,Boze reacties op niet vergoeden pil: hoezo geen medische noodzaak?,https://nos.nl/artikel/2292160-boze-reacties-op-niet-vergoeden-pil-hoezo-geen-medische-noodzaak,Binnenland
66,2023-01-17T09:15:24+0100,Buddy's gaan op meer plekken vrouwen begeleiden naar abortusklinieken,https://nos.nl/artikel/2460150-buddy-s-gaan-op-meer-plekken-vrouwen-begeleiden-naar-abortusklinieken,NH Nieuws
464,2018-07-09T19:26:52+0200,Trump benoemt nieuwe rechter: waarom is dat zo belangrijk?,https://nos.nl/artikel/2240689-trump-benoemt-nieuwe-rechter-waarom-is-dat-zo-belangrijk,Buitenland
433,2018-11-29T20:30:49+0100,Spanning in coalitie over hulp bij ongewenste zwangerschap,https://nos.nl/artikel/2261402-spanning-in-coalitie-over-hulp-bij-ongewenste-zwangerschap,Politiek
594,2017-02-10T12:25:42+0100,Schippers: pil niet terug in pakket,https://nos.nl/artikel/2157479-schippers-pil-niet-terug-in-pakket,Binnenland
367,2019-09-07T01:06:23+0200,Justitie El Salvador in beroep tegen vrijspraak vrouw met doodgeboren kind,https://nos.nl/artikel/2300679-justitie-el-salvador-in-beroep-tegen-vrijspraak-vrouw-met-doodgeboren-kind,Buitenland
421,2019-03-08T15:41:27+0100,Oppositie Eerste Kamer: het wordt na 20 maart niet makkelijk voor het kabinet,https://nos.nl/artikel/2275046-oppositie-eerste-kamer-het-wordt-na-20-maart-niet-makkelijk-voor-het-kabinet,Politiek
482,2018-05-24T18:45:54+0200,Abortus: sneuvelt vandaag het laatste Ierse taboe?,https://nos.nl/artikel/2233375-abortus-sneuvelt-vandaag-het-laatste-ierse-taboe,Buitenland
269,2021-01-28T06:53:41+0100,Wekdienst 28/1: Uitspraak moordzaak Duitse politicus • Dag van de Privacy,https://nos.nl/artikel/2366297-wekdienst-28-1-uitspraak-moordzaak-duitse-politicus-dag-van-de-privacy,Binnenland
463,2018-07-10T03:28:05+0200,'Met Kavanaugh schuift Hooggerechtshof onherroepelijk naar rechts',https://nos.nl/artikel/2240728-met-kavanaugh-schuift-hooggerechtshof-onherroepelijk-naar-rechts,Buitenland
666,2016-06-27T17:00:16+0200,Hooggerechtshof VS vernietigt abortuswetgeving Texas,https://nos.nl/artikel/2113907-hooggerechtshof-vs-vernietigt-abortuswetgeving-texas,Buitenland
388,2019-05-31T00:54:40+0200,De anti-abortusbeweging in de VS krijgt vleugels,https://nos.nl/artikel/2287004-de-anti-abortusbeweging-in-de-vs-krijgt-vleugels,Buitenland
48,2023-06-05T18:28:47+0200,Oud-vicepresident Mike Pence wil meedoen aan Amerikaanse presidentsverkiezingen,https://nos.nl/artikel/2477856-oud-vicepresident-mike-pence-wil-meedoen-aan-amerikaanse-presidentsverkiezingen,Buitenland
477,2018-05-25T17:53:50+0200,#Hometovote: Ieren vliegen naar huis om te stemmen over abortuswet,https://nos.nl/artikel/2233523-hometovote-ieren-vliegen-naar-huis-om-te-stemmen-over-abortuswet,Buitenland
348,2019-11-16T09:52:03+0100,"'Jouw baarmoeder, jouw keuze', of toch niet?",https://nos.nl/op3/artikel/2310678-jouw-baarmoeder-jouw-keuze-of-toch-niet,Binnenland
591,2017-02-24T05:35:16+0100,Leger Guatemala houdt Nederlandse abortusboot tegen,https://nos.nl/artikel/2159739-leger-guatemala-houdt-nederlandse-abortusboot-tegen,Binnenland
207,2021-10-29T14:30:06+0200,Verkrachtingszaak 11-jarig meisje zwengelt discussie over abortus aan in Bolivia,https://nos.nl/artikel/2403552-verkrachtingszaak-11-jarig-meisje-zwengelt-discussie-over-abortus-aan-in-bolivia,Buitenland
253,2021-03-07T20:46:38+0100,Campagneblog: Stemmen in drive-thru of Hilton • Ploumen: 'Vrouwen niet gelijkwaardig behandeld' ,https://nos.nl/liveblog/2371598-campagneblog-stemmen-in-drive-thru-of-hilton-ploumen-vrouwen-niet-gelijkwaardig-behandeld,None
582,2017-03-09T19:31:13+0100,Politiek gaat altijd over links en rechts. Maar bestaat dat nog wel?,https://nos.nl/op3/artikel/2162205-politiek-gaat-altijd-over-links-en-rechts-maar-bestaat-dat-nog-wel,Binnenland
339,2020-01-27T12:37:48+0100,Ongetrouwd samenwonen en les over condooms straks verboden in Indonesië?,https://nos.nl/nieuwsuur/artikel/2320505-ongetrouwd-samenwonen-en-les-over-condooms-straks-verboden-in-indonesie,Buitenland
24,2023-11-06T07:17:14+0100,Omtzigt: minderheidskabinet over rechts reële optie • Jetten droomt van eigen strandtent,https://nos.nl/liveblog/2496828-omtzigt-minderheidskabinet-over-rechts-reele-optie-jetten-droomt-van-eigen-strandtent,None
286,2020-12-02T23:20:13+0100,Franse oud-president Giscard d'Estaing (94) overleden ,https://nos.nl/artikel/2359068-franse-oud-president-giscard-d-estaing-94-overleden,Buitenland
657,2016-07-23T13:47:02+0200,Clintons running mate Kaine: beetje saai en toch populair,https://nos.nl/artikel/2119252-clintons-running-mate-kaine-beetje-saai-en-toch-populair,Buitenland
471,2018-06-05T11:52:56+0200,Meer les in burgerschap: deze school in Breda doet dat al ,https://nos.nl/artikel/2235119-meer-les-in-burgerschap-deze-school-in-breda-doet-dat-al,Binnenland
370,2019-09-02T18:09:51+0200,Vergiftigde planten en gedoe over geld: de ruzie bij Forum voor Democratie,https://nos.nl/nieuwsuur/artikel/2300071-vergiftigde-planten-en-gedoe-over-geld-de-ruzie-bij-forum-voor-democratie,Binnenland
354,2019-11-05T12:22:52+0100,Man uit Diemen verdacht van illegale abortus en dood door schuld,https://nos.nl/artikel/2309156-man-uit-diemen-verdacht-van-illegale-abortus-en-dood-door-schuld,Binnenland
231,2021-09-01T09:49:00+0200,Texas scherpt abortuswet aan: klikspanen krijgen $10.000 van veroordeelden,https://nos.nl/artikel/2395998-texas-scherpt-abortuswet-aan-klikspanen-krijgen-10-000-van-veroordeelden,Buitenland
157,2022-05-09T15:33:18+0200,Vrees voor geweld in abortusconflict VS: 'De strijd verhardt',https://nos.nl/artikel/2428112-vrees-voor-geweld-in-abortusconflict-vs-de-strijd-verhardt,Buitenland
27,2023-11-17T07:09:20+0100,NSC en GL-PvdA zoeken naar overeenkomsten • Yesilgöz: 'VVD te veel met zichzelf bezig geweest' ,https://nos.nl/liveblog/2498112-nsc-en-gl-pvda-zoeken-naar-overeenkomsten-yesilgoz-vvd-te-veel-met-zichzelf-bezig-geweest,None
448,2018-08-25T21:00:01+0200,"Ooit noemden Ieren hun kinderen naar de paus, nu haken veel katholieken af",https://nos.nl/artikel/2247536-ooit-noemden-ieren-hun-kinderen-naar-de-paus-nu-haken-veel-katholieken-af,Binnenland
497,2018-01-30T06:57:51+0100,Wekdienst 30/1: donor-debat Eerste Kamer en Trumps State of the Union,https://nos.nl/artikel/2214437-wekdienst-30-1-donor-debat-eerste-kamer-en-trumps-state-of-the-union,Binnenland
216,2021-09-27T01:22:34+0200,Inwoners San Marino stemmen voor het recht op abortus,https://nos.nl/artikel/2399420-inwoners-san-marino-stemmen-voor-het-recht-op-abortus,Buitenland
237,2021-07-11T12:30:35+0200,"'Mr. Brexit' tegen wil en dank: Tim de Wit kijkt na 6,5 jaar terug",https://nos.nl/artikel/2388883-mr-brexit-tegen-wil-en-dank-tim-de-wit-kijkt-na-6-5-jaar-terug,Buitenland
154,2022-06-08T21:02:29+0200,Hoe de Amerikaanse wapenlobby strengere wapenwetgeving tegen wil houden,https://nos.nl/nieuwsuur/artikel/2431957-hoe-de-amerikaanse-wapenlobby-strengere-wapenwetgeving-tegen-wil-houden,Buitenland
343,2019-12-07T14:29:40+0100,Zoektocht naar 'weggemoffelde' vaders: 'We weten niks over deze mannen' ,https://nos.nl/artikel/2313688-zoektocht-naar-weggemoffelde-vaders-we-weten-niks-over-deze-mannen,Binnenland
129,2022-07-02T06:49:05+0200,Discussie over abortus ook in Nederland weer actueel ,https://nos.nl/artikel/2434929-discussie-over-abortus-ook-in-nederland-weer-actueel,Binnenland
246,2021-04-20T15:20:08+0200,Twintig jaar cel voor man uit Rheden die zwangere minnares doodschoot,https://nos.nl/artikel/2377513-twintig-jaar-cel-voor-man-uit-rheden-die-zwangere-minnares-doodschoot,Binnenland
645,2016-10-05T04:40:54+0200,Running mates profileren zich in enige debat,https://nos.nl/artikel/2136044-running-mates-profileren-zich-in-enige-debat,Buitenland
664,2016-07-14T19:13:37+0200,Media VS: Trump kiest voor Mike Pence als running mate,https://nos.nl/artikel/2117631-media-vs-trump-kiest-voor-mike-pence-als-running-mate,Buitenland
615,2016-12-30T03:00:58+0100,Minister Schippers: minder abortussen door grotere rol huisarts,https://nos.nl/artikel/2150673-minister-schippers-minder-abortussen-door-grotere-rol-huisarts,Binnenland
518,2017-12-01T18:17:15+0100,Abortusklinieken nemen patiënten failliet CASA over,https://nos.nl/artikel/2205500-abortusklinieken-nemen-patienten-failliet-casa-over,Binnenland
265,2021-02-10T15:07:49+0100,Onafhankelijke Poolse media in het geweer tegen belasting: 'Aanval op de persvrijheid',https://nos.nl/artikel/2368094-onafhankelijke-poolse-media-in-het-geweer-tegen-belasting-aanval-op-de-persvrijheid,Buitenland
454,2018-08-09T08:09:10+0200,Argentijnse Senaat stemt tegen legalisering abortus,https://nos.nl/artikel/2245274-argentijnse-senaat-stemt-tegen-legalisering-abortus,Buitenland
251,2021-03-08T23:29:12+0100,Jesse Klaver onder vuur over biomassa,https://nos.nl/nieuwsuur/artikel/2371879-jesse-klaver-onder-vuur-over-biomassa,Richting de stembus
59,2023-03-14T23:20:20+0100,Poolse activist veroordeeld voor verstrekken abortuspillen aan zwangere vrouw,https://nos.nl/artikel/2467492-poolse-activist-veroordeeld-voor-verstrekken-abortuspillen-aan-zwangere-vrouw,Buitenland
362,2019-09-25T07:15:43+0200,Nederland vecht bij VN voor seksuele rechten en gezondheidszorg,https://nos.nl/artikel/2303238-nederland-vecht-bij-vn-voor-seksuele-rechten-en-gezondheidszorg,Buitenland
213,2021-10-03T00:27:24+0200,Honderden demonstraties in VS voor recht op abortus,https://nos.nl/artikel/2400132-honderden-demonstraties-in-vs-voor-recht-op-abortus,Buitenland
639,2016-10-20T03:51:54+0200,Trump wil niet zeggen of hij uitslag verkiezingen erkent,https://nos.nl/artikel/2138661-trump-wil-niet-zeggen-of-hij-uitslag-verkiezingen-erkent,Buitenland
574,2017-04-22T08:45:08+0200,SGP zoekt steun in buitenland tegen euthanasie in Nederland,https://nos.nl/artikel/2169555-sgp-zoekt-steun-in-buitenland-tegen-euthanasie-in-nederland,Politiek
385,2019-06-08T08:44:01+0200,Opkomst Forum leidt tot relatietest voor SGP en ChristenUnie,https://nos.nl/artikel/2288121-opkomst-forum-leidt-tot-relatietest-voor-sgp-en-christenunie,Politiek
211,2021-10-07T03:40:01+0200,Rechter schort omstreden strenge abortuswet Texas tijdelijk op ,https://nos.nl/artikel/2400663-rechter-schort-omstreden-strenge-abortuswet-texas-tijdelijk-op,Buitenland
106,2022-09-06T21:49:56+0200,"Christelijke zorgverzekeraar gaat toch abortus, ivf en euthanasie vergoeden",https://nos.nl/artikel/2443582-christelijke-zorgverzekeraar-gaat-toch-abortus-ivf-en-euthanasie-vergoeden,Binnenland
124,2022-07-09T10:46:33+0200,'Decreet toont vooral onmacht van Biden in abortuskwestie VS',https://nos.nl/artikel/2435968-decreet-toont-vooral-onmacht-van-biden-in-abortuskwestie-vs,Buitenland
446,2018-09-17T15:05:51+0200,"Vrouw die kandidaat-rechter VS beschuldigt van aanranding, wil getuigen",https://nos.nl/artikel/2250831-vrouw-die-kandidaat-rechter-vs-beschuldigt-van-aanranding-wil-getuigen,Buitenland
321,2020-09-16T14:44:22+0200,Abortusklinieken willen verbod op demonstraties voor de deur,https://nos.nl/artikel/2348552-abortusklinieken-willen-verbod-op-demonstraties-voor-de-deur,Binnenland
486,2018-03-23T21:06:27+0100,Polen demonstreren tegen strengere abortusregels,https://nos.nl/artikel/2224071-polen-demonstreren-tegen-strengere-abortusregels,Buitenland
131,2022-07-02T06:39:35+0200,Wekdienst 2/7: Demonstratie Amsterdam tegen afschaffing abortusrecht VS • Tweede etappe Tour de France,https://nos.nl/artikel/2434928-wekdienst-2-7-demonstratie-amsterdam-tegen-afschaffing-abortusrecht-vs-tweede-etappe-tour-de-france,Binnenland
23,2023-09-17T21:41:36+0200,Toneelprijzen Theo d'Or en Louis d'Or voor Mariana Aparicio en Eelco Smits,https://nos.nl/artikel/2490860-toneelprijzen-theo-d-or-en-louis-d-or-voor-mariana-aparicio-en-eelco-smits,Binnenland
198,2021-12-13T20:11:09+0100,Oeigoeren in Turkije hopen dat ook Olympische sporters Winterspelen boycotten,https://nos.nl/artikel/2409387-oeigoeren-in-turkije-hopen-dat-ook-olympische-sporters-winterspelen-boycotten,Buitenland
450,2018-08-22T08:20:01+0200,Het katholieke Ierland is geen warm bad meer voor de paus,https://nos.nl/artikel/2247077-het-katholieke-ierland-is-geen-warm-bad-meer-voor-de-paus,Buitenland
438,2018-11-06T05:05:09+0100,"Voor of tegen Trump: that’s the question, ook in Michigan",https://nos.nl/artikel/2258094-voor-of-tegen-trump-that-s-the-question-ook-in-michigan,Buitenland
618,2016-12-14T14:04:18+0100,Hoeveel moslims zijn er in Europa? Minder dan 'we' denken,https://nos.nl/artikel/2148344-hoeveel-moslims-zijn-er-in-europa-minder-dan-we-denken,Binnenland
57,2023-03-18T10:29:23+0100,Wyoming wordt eerste staat met verbod op abortuspil,https://nos.nl/artikel/2467929-wyoming-wordt-eerste-staat-met-verbod-op-abortuspil,Buitenland
206,2021-11-03T16:06:25+0100,Roep om strengere regels over abortus-gastlessen op middelbare scholen ,https://nos.nl/artikel/2404231-roep-om-strengere-regels-over-abortus-gastlessen-op-middelbare-scholen,Binnenland
372,2019-08-20T12:57:35+0200,Verkrachte Salvadoraanse met doodgeboren kind vrijgesproken van moord,https://nos.nl/artikel/2298254-verkrachte-salvadoraanse-met-doodgeboren-kind-vrijgesproken-van-moord,Buitenland
226,2021-09-10T00:07:01+0200,Amerikaanse regering start rechtszaak tegen Texas om strenge abortuswetgeving,https://nos.nl/artikel/2397222-amerikaanse-regering-start-rechtszaak-tegen-texas-om-strenge-abortuswetgeving,Buitenland
230,2021-09-01T19:42:03+0200,"Biden haalt fel uit naar strenge nieuwe abortuswet in Texas, noemt het schandalig",https://nos.nl/artikel/2396080-biden-haalt-fel-uit-naar-strenge-nieuwe-abortuswet-in-texas-noemt-het-schandalig,Buitenland
525,2017-11-01T19:20:11+0100,Rutte III haalt streep door abortuspil bij huisarts,https://nos.nl/artikel/2200857-rutte-iii-haalt-streep-door-abortuspil-bij-huisarts,Politiek
550,2017-06-28T16:45:23+0200,Opnieuw vragen over verwijderbeleid Facebook,https://nos.nl/artikel/2180431-opnieuw-vragen-over-verwijderbeleid-facebook,Tech
399,2019-05-20T13:47:25+0200,"Podcast Oog: Nieuwe Tarantino, emoties en comeback van conservatisme",https://nos.nl/artikel/2285529-podcast-oog-nieuwe-tarantino-emoties-en-comeback-van-conservatisme,Binnenland
212,2021-10-15T14:49:49+0200,"Britse Tory-parlementariër doodgestoken, verdachte zou van Somalische afkomst zijn",https://nos.nl/artikel/2401786-britse-tory-parlementarier-doodgestoken-verdachte-zou-van-somalische-afkomst-zijn,Buitenland
308,2020-10-23T12:08:24+0200,Vijftien arrestaties bij protesten tegen inperking Poolse abortuswet,https://nos.nl/artikel/2353454-vijftien-arrestaties-bij-protesten-tegen-inperking-poolse-abortuswet,Buitenland
402,2019-05-15T04:28:13+0200,Alabama neemt strengste abortuswet van Amerika aan,https://nos.nl/artikel/2284672-alabama-neemt-strengste-abortuswet-van-amerika-aan,Buitenland
112,2022-09-01T08:50:21+0200,Geen comeback voor Sarah Palin: Alaska kiest eerste inheems Congreslid,https://nos.nl/artikel/2442821-geen-comeback-voor-sarah-palin-alaska-kiest-eerste-inheems-congreslid,Buitenland
254,2021-03-06T15:37:49+0100,Protest in Krimpen tegen homofobe predikant,https://nos.nl/artikel/2371495-protest-in-krimpen-tegen-homofobe-predikant,Rijnmond
149,2022-06-25T16:30:55+0200,Vanavond op tv: Gratie door rechter • Einde abortusrecht VS • Finnen voelen dreiging Rusland,https://nos.nl/nieuwsuur/artikel/2434050-vanavond-op-tv-gratie-door-rechter-einde-abortusrecht-vs-finnen-voelen-dreiging-rusland,Binnenland
400,2019-05-16T17:08:33+0200,#YouKnowMe: vrouwen staan op tegen strenge abortuswet,https://nos.nl/artikel/2284968-youknowme-vrouwen-staan-op-tegen-strenge-abortuswet,Buitenland
420,2019-03-14T14:09:38+0100,Belgische kardinaal Danneels (85) overleden,https://nos.nl/artikel/2275934-belgische-kardinaal-danneels-85-overleden,Buitenland
383,2019-06-23T13:34:47+0200,"Abortus, misdaad en ras: Democratische rivalen nemen Biden onder vuur ",https://nos.nl/artikel/2290298-abortus-misdaad-en-ras-democratische-rivalen-nemen-biden-onder-vuur,Buitenland
561,2017-05-23T15:20:43+0200,"D66 en ChristenUnie, een wereld van verschillen?",https://nos.nl/artikel/2174610-d66-en-christenunie-een-wereld-van-verschillen,Politiek
545,2017-06-30T17:24:53+0200,De stemming van Vullings en Van Weezel: is Gerrit Zalm de juiste man?,https://nos.nl/artikel/2180774-de-stemming-van-vullings-en-van-weezel-is-gerrit-zalm-de-juiste-man,Binnenland
63,2023-03-08T06:59:51+0100,Wekdienst 8/3: Internationale Vrouwendag • Uitspraak in longcovidzaak,https://nos.nl/artikel/2466642-wekdienst-8-3-internationale-vrouwendag-uitspraak-in-longcovidzaak,Binnenland
102,2022-09-14T01:57:41+0200,Na Indiana neemt ook West Virginia strenge abortuswet aan,https://nos.nl/artikel/2444522-na-indiana-neemt-ook-west-virginia-strenge-abortuswet-aan,Buitenland
225,2021-09-10T08:54:14+0200,Kind in baanbrekende abortuszaak Roe v. Wade doet haar verhaal,https://nos.nl/artikel/2397242-kind-in-baanbrekende-abortuszaak-roe-v-wade-doet-haar-verhaal,Buitenland
161,2022-05-08T17:20:51+0200,Boeken in de ban: rechts Amerika wint de strijd ook op school,https://nos.nl/nieuwsuur/artikel/2427985-boeken-in-de-ban-rechts-amerika-wint-de-strijd-ook-op-school,Buitenland
467,2018-07-01T12:39:45+0200,Simone Veil bijgezet tussen grote namen in Panthéon,https://nos.nl/artikel/2239306-simone-veil-bijgezet-tussen-grote-namen-in-pantheon,Buitenland
173,2022-04-21T08:55:49+0200,"Abortusbuddy loopt even mee, om demonstranten weg te houden",https://nos.nl/artikel/2425916-abortusbuddy-loopt-even-mee-om-demonstranten-weg-te-houden,RTV Utrecht
531,2017-09-26T19:54:39+0200,Ierland houdt referendum over het verbod op abortus,https://nos.nl/artikel/2194933-ierland-houdt-referendum-over-het-verbod-op-abortus,Buitenland
234,2021-09-08T06:50:41+0200,Wekdienst 8/9: 'Proces van de eeuw' start in Frankrijk • Debat over dubbele petten,https://nos.nl/artikel/2396974-wekdienst-8-9-proces-van-de-eeuw-start-in-frankrijk-debat-over-dubbele-petten,Binnenland
177,2022-04-10T07:15:17+0200,Wekdienst 10/4: Fransen naar de stembus • 41ste editie van de Marathon van Rotterdam,https://nos.nl/artikel/2424560-wekdienst-10-4-fransen-naar-de-stembus-41ste-editie-van-de-marathon-van-rotterdam,Binnenland
426,2019-01-08T21:48:50+0100,Nieuwe Spaanse partij Vox eist uitwijzing 52.000 illegalen,https://nos.nl/artikel/2266650-nieuwe-spaanse-partij-vox-eist-uitwijzing-52-000-illegalen,Buitenland
440,2018-10-27T04:20:52+0200,Exitpoll: meeste Ieren willen verbod op godslastering uit de grondwet,https://nos.nl/artikel/2256567-exitpoll-meeste-ieren-willen-verbod-op-godslastering-uit-de-grondwet,Buitenland
382,2019-06-23T17:55:18+0200,Voetbalvrouwen Vaticaan weigeren te spelen na baas-in eigen-buik-protest,https://nos.nl/artikel/2290336-voetbalvrouwen-vaticaan-weigeren-te-spelen-na-baas-in-eigen-buik-protest,Buitenland
429,2018-12-11T21:30:29+0100,Kamer tegen voorlichting ongewenst zwangeren door anti-abortusclub,https://nos.nl/artikel/2263100-kamer-tegen-voorlichting-ongewenst-zwangeren-door-anti-abortusclub,Politiek
601,2017-02-08T15:42:08+0100,Ierland wil met burgertop een brug slaan naar politiek,https://nos.nl/nieuwsuur/artikel/2157156-ierland-wil-met-burgertop-een-brug-slaan-naar-politiek,Buitenland
13,2023-11-10T20:35:31+0100,Poolse oppositie sluit coalitieakkoord en wil 'terug naar Europa',https://nos.nl/artikel/2497388-poolse-oppositie-sluit-coalitieakkoord-en-wil-terug-naar-europa,Buitenland
311,2020-10-13T17:16:16+0200,Kandidaat-rechter Hooggerechtshof VS Barrett belooft: 'Ik heb geen agenda',https://nos.nl/artikel/2352172-kandidaat-rechter-hooggerechtshof-vs-barrett-belooft-ik-heb-geen-agenda,Buitenland
104,2022-09-10T04:44:43+0200,Máxima had 'heel goede discussie' over abortus in Texas,https://nos.nl/artikel/2444042-maxima-had-heel-goede-discussie-over-abortus-in-texas,Koningshuis
244,2021-05-03T20:01:06+0200,"Verzet tegen Spaanse euthanasiewet, maar voor Rafael is wet 'de laatste kogel'",https://nos.nl/artikel/2379295-verzet-tegen-spaanse-euthanasiewet-maar-voor-rafael-is-wet-de-laatste-kogel,Buitenland
663,2016-07-14T22:58:12+0200,Is Mike Pence de vechter die Trump nodig heeft?,https://nos.nl/artikel/2117667-is-mike-pence-de-vechter-die-trump-nodig-heeft,Buitenland
623,2016-11-15T09:08:33+0100,"'Geloof vereist actie, dus waarom niet bidden én stemmen op Trump?'",https://nos.nl/artikel/2143187-geloof-vereist-actie-dus-waarom-niet-bidden-en-stemmen-op-trump,Buitenland
377,2019-07-03T18:00:02+0200,13 weken echo wordt standaard voor alle zwangere vrouwen,https://nos.nl/artikel/2291827-13-weken-echo-wordt-standaard-voor-alle-zwangere-vrouwen,Binnenland
78,2022-11-12T14:07:39+0100,"Duizenden lopers in mars tegen abortus Den Haag, ook tegendemonstraties",https://nos.nl/artikel/2452115-duizenden-lopers-in-mars-tegen-abortus-den-haag-ook-tegendemonstraties,Binnenland
80,2022-12-04T07:00:02+0100,Republikeinen worstelen met Trump: is zijn magie uitgewerkt?,https://nos.nl/nieuwsuur/artikel/2455045-republikeinen-worstelen-met-trump-is-zijn-magie-uitgewerkt,Buitenland
303,2020-10-26T22:17:02+0100,Polen blokkeren straten uit protest tegen inperking abortuswet,https://nos.nl/artikel/2354008-polen-blokkeren-straten-uit-protest-tegen-inperking-abortuswet,Buitenland
174,2022-05-04T06:50:18+0200,Wekdienst 4/5: Nieuwe EU-sancties tegen Rusland • Nationale Dodenherdenking,https://nos.nl/artikel/2427452-wekdienst-4-5-nieuwe-eu-sancties-tegen-rusland-nationale-dodenherdenking,Binnenland
577,2017-04-04T12:11:39+0200,VS stopt financiering Bevolkingsfonds VN,https://nos.nl/artikel/2166488-vs-stopt-financiering-bevolkingsfonds-vn,Buitenland
627,2016-11-07T21:23:23+0100,Wat bezielt de Libertijnen om nog steeds campagne te voeren?,https://nos.nl/op3/artikel/2141937-wat-bezielt-de-libertijnen-om-nog-steeds-campagne-te-voeren,Buitenland
524,2017-11-03T14:13:12+0100,Tien jaar geëist voor verkrachting 11-jarig meisje,https://nos.nl/artikel/2201115-tien-jaar-geeist-voor-verkrachting-11-jarig-meisje,L1mburg
516,2017-12-09T08:26:09+0100,Wekdienst 9/12: overlast door winterweer en een mars tegen abortus ,https://nos.nl/artikel/2206681-wekdienst-9-12-overlast-door-winterweer-en-een-mars-tegen-abortus,Binnenland
292,2020-11-13T21:30:57+0100,"Amerikaanse tv-zenders: Biden wint in Georgia, Trump in North Carolina",https://nos.nl/artikel/2356485-amerikaanse-tv-zenders-biden-wint-in-georgia-trump-in-north-carolina,Van Trump naar Biden
418,2019-03-19T12:03:56+0100,Abortuskliniek klaagt over anti-abortusdemonstranten,https://nos.nl/artikel/2276667-abortuskliniek-klaagt-over-anti-abortusdemonstranten,Rijnmond
366,2019-09-10T05:18:58+0200,Vrouw die kind moest afstaan stelt Staat aansprakelijk,https://nos.nl/artikel/2301070-vrouw-die-kind-moest-afstaan-stelt-staat-aansprakelijk,Binnenland
176,2022-04-10T01:05:44+0200,26-jarige vrouw in Texas aangeklaagd voor moord na abortus,https://nos.nl/artikel/2424554-26-jarige-vrouw-in-texas-aangeklaagd-voor-moord-na-abortus,Buitenland
347,2019-11-16T15:31:49+0100,Duizenden lopen in Utrecht mee in mars tegen abortus,https://nos.nl/artikel/2310713-duizenden-lopen-in-utrecht-mee-in-mars-tegen-abortus,RTV Utrecht
222,2021-09-20T01:39:17+0200,Texaanse arts biecht abortus op om rechtszaak uit te lokken over strenge wet,https://nos.nl/artikel/2398486-texaanse-arts-biecht-abortus-op-om-rechtszaak-uit-te-lokken-over-strenge-wet,Buitenland
394,2019-05-23T01:10:35+0200,"Fel debat Rutte en Baudet, 'alsof ze in de boksring stonden'",https://nos.nl/liveblog/2285859-fel-debat-rutte-en-baudet-alsof-ze-in-de-boksring-stonden,None
279,2020-12-13T20:42:44+0100,"Protest in Poolse steden tegen 'PiS-epidemie', politie blokkeert toegangswegen",https://nos.nl/artikel/2360529-protest-in-poolse-steden-tegen-pis-epidemie-politie-blokkeert-toegangswegen,Buitenland
95,2022-11-11T05:44:28+0100,"Georgia is verkiezingsmoe, maar de 'runoff' daar kan wéér alles bepalen",https://nos.nl/artikel/2451922-georgia-is-verkiezingsmoe-maar-de-runoff-daar-kan-weer-alles-bepalen,Buitenland
609,2017-01-24T06:30:39+0100,Trump Daily 24 januari: dreigende taal richting China,https://nos.nl/artikel/2154580-trump-daily-24-januari-dreigende-taal-richting-china,Buitenland
469,2018-06-27T21:14:51+0200,"Gematigde rechter Hooggerechtshof VS stopt, opnieuw kans voor Trump",https://nos.nl/artikel/2238762-gematigde-rechter-hooggerechtshof-vs-stopt-opnieuw-kans-voor-trump,Buitenland
331,2020-04-14T00:29:44+0200,Boa's het ziekenhuis in na corona-ruzie • Drukke Action in Arnhem gesloten,https://nos.nl/liveblog/2330307-boa-s-het-ziekenhuis-in-na-corona-ruzie-drukke-action-in-arnhem-gesloten,None
193,2022-01-26T20:49:38+0100,Voor het eerst mag president Biden iemand voordragen voor het Hooggerechtshof,https://nos.nl/artikel/2414652-voor-het-eerst-mag-president-biden-iemand-voordragen-voor-het-hooggerechtshof,Buitenland
626,2016-11-08T11:02:08+0100,Clinton de eerste vrouwelijke president? 'Ze is een beetje een badass',https://nos.nl/op3/artikel/2142009-clinton-de-eerste-vrouwelijke-president-ze-is-een-beetje-een-badass,Buitenland
180,2022-03-20T18:39:51+0100,Abortus ná 24 weken: 'Angst voor vervolging bij Nederlandse artsen',https://nos.nl/nieuwsuur/artikel/2422033-abortus-na-24-weken-angst-voor-vervolging-bij-nederlandse-artsen,Binnenland
405,2019-05-10T20:04:22+0200,Abortus onder vuur in de VS,https://nos.nl/nieuwsuur/artikel/2284037-abortus-onder-vuur-in-de-vs,Buitenland
430,2018-12-09T11:27:20+0100,"'AKK' is geen kopie van Merkel, maar wel een veilige keuze",https://nos.nl/artikel/2262701-akk-is-geen-kopie-van-merkel-maar-wel-een-veilige-keuze,Buitenland
322,2020-09-15T20:19:20+0200,Burgemeester Marcouch pakt intimidatie vrouwen abortuskliniek aan,https://nos.nl/artikel/2348448-burgemeester-marcouch-pakt-intimidatie-vrouwen-abortuskliniek-aan,Omroep Gelderland
145,2022-06-20T20:09:27+0200,Amerikaanse steden in conservatieve staten proberen effecten strenge abortuswetten te dempen ,https://nos.nl/artikel/2433415-amerikaanse-steden-in-conservatieve-staten-proberen-effecten-strenge-abortuswetten-te-dempen,Buitenland
25,2023-11-11T08:46:10+0100,Omtzigt: Premier kan ook van buiten partijen komen • Timmermans waarschuwt voor extreemrechts,https://nos.nl/liveblog/2497429-omtzigt-premier-kan-ook-van-buiten-partijen-komen-timmermans-waarschuwt-voor-extreemrechts,None
325,2020-09-02T20:58:06+0200,Kardinaal Simonis (88) overleden,https://nos.nl/artikel/2346499-kardinaal-simonis-88-overleden,Binnenland
526,2017-10-31T14:19:10+0100,Indiase ooms veroordeeld voor verkrachting van hun nichtje,https://nos.nl/artikel/2200638-indiase-ooms-veroordeeld-voor-verkrachting-van-hun-nichtje,Buitenland
416,2019-03-30T23:18:32+0100,Italianen protesteren tegen ultraconservatief congres in Verona,https://nos.nl/artikel/2278323-italianen-protesteren-tegen-ultraconservatief-congres-in-verona,Buitenland
28,2023-08-25T17:29:46+0200,"Van der Staaij heeft omstreden standpunten, maar iedereen loopt met hem weg",https://nos.nl/artikel/2487978-van-der-staaij-heeft-omstreden-standpunten-maar-iedereen-loopt-met-hem-weg,Op weg naar TK2023
228,2021-09-11T22:17:23+0200,Frans abortusdrama wint Gouden Leeuw op filmfestival Venetië,https://nos.nl/artikel/2397452-frans-abortusdrama-wint-gouden-leeuw-op-filmfestival-venetie,Cultuur &amp; Media
67,2023-02-08T04:49:37+0100,State of the Union: Biden roept Republikeinen op met hem 'klus te klaren',https://nos.nl/artikel/2462938-state-of-the-union-biden-roept-republikeinen-op-met-hem-klus-te-klaren,Buitenland
18,2023-11-15T07:11:37+0100,Beeld in Peilingwijzer ongewijzigd • Omtzigt voelt nog steeds niets voor regeren met PVV,https://nos.nl/liveblog/2497872-beeld-in-peilingwijzer-ongewijzigd-omtzigt-voelt-nog-steeds-niets-voor-regeren-met-pvv,None
521,2017-11-17T14:24:29+0100,Man (61) krijgt acht jaar cel voor verkrachting meisje van 11,https://nos.nl/artikel/2203252-man-61-krijgt-acht-jaar-cel-voor-verkrachting-meisje-van-11,Binnenland
341,2020-01-24T18:16:43+0100,Trump eerste Amerikaanse president ooit bij anti-abortusmanifestatie,https://nos.nl/artikel/2320047-trump-eerste-amerikaanse-president-ooit-bij-anti-abortusmanifestatie,Buitenland
381,2019-06-26T16:35:35+0200,Oud CDA-leider Brinkman oogst kritiek met uitspraken over abortus,https://nos.nl/artikel/2290793-oud-cda-leider-brinkman-oogst-kritiek-met-uitspraken-over-abortus,Politiek
29,2023-08-09T06:56:06+0200,Wekdienst 9/8: Kwartaalcijfers ABN Amro en Ahold • Laatste dag WK baanwielrennen,https://nos.nl/artikel/2485974-wekdienst-9-8-kwartaalcijfers-abn-amro-en-ahold-laatste-dag-wk-baanwielrennen,Binnenland
46,2023-07-01T07:00:42+0200,Kloof in VS steeds dieper door nieuwe uitspraken Hooggerechtshof,https://nos.nl/artikel/2480991-kloof-in-vs-steeds-dieper-door-nieuwe-uitspraken-hooggerechtshof,Buitenland
553,2017-06-21T04:55:17+0200,Opsteker voor Trump: Democraat Ossof verliest in Georgia,https://nos.nl/artikel/2179187-opsteker-voor-trump-democraat-ossof-verliest-in-georgia,Buitenland
578,2017-03-24T09:40:49+0100,'Beslissen deze mannen over kraamzorg en mammogrammen?!',https://nos.nl/artikel/2164733-beslissen-deze-mannen-over-kraamzorg-en-mammogrammen,Buitenland
640,2016-10-19T13:15:45+0200,Zwangeren kiezen massaal voor NIP-test,https://nos.nl/artikel/2138564-zwangeren-kiezen-massaal-voor-nip-test,Binnenland
508,2017-12-25T18:16:57+0100,Topless activiste probeert kindje Jezus te stelen bij Sint-Pieter,https://nos.nl/artikel/2209303-topless-activiste-probeert-kindje-jezus-te-stelen-bij-sint-pieter,Binnenland
436,2018-11-12T21:04:39+0100,Lange celstraf dreigt voor verkrachte vrouw El Salvador in 'abortuszaak',https://nos.nl/artikel/2259026-lange-celstraf-dreigt-voor-verkrachte-vrouw-el-salvador-in-abortuszaak,Buitenland
74,2022-12-08T09:58:51+0100,'Leger Nigeria liet duizenden vrouwen gedwongen abortus ondergaan',https://nos.nl/artikel/2455555-leger-nigeria-liet-duizenden-vrouwen-gedwongen-abortus-ondergaan,Buitenland
608,2017-01-24T19:11:53+0100,Minister Ploumen start fonds vanwege abortusmaatregel Trump,https://nos.nl/artikel/2154703-minister-ploumen-start-fonds-vanwege-abortusmaatregel-trump,Buitenland
510,2017-12-13T18:42:59+0100,Ierse parlementscommissie adviseert abortuswet in te trekken,https://nos.nl/artikel/2207414-ierse-parlementscommissie-adviseert-abortuswet-in-te-trekken,Buitenland
485,2018-04-21T08:58:03+0200,SGP in honderd jaar van zijlijn naar zeggenschap,https://nos.nl/artikel/2228349-sgp-in-honderd-jaar-van-zijlijn-naar-zeggenschap,Politiek
304,2020-10-25T08:29:42+0100,Trump of Biden? Zeven Amerikanen over belangrijke verkiezingsthema's,https://nos.nl/artikel/2353723-trump-of-biden-zeven-amerikanen-over-belangrijke-verkiezingsthema-s,Van Trump naar Biden
243,2021-05-11T20:41:22+0200,Tien jaar Istanbul-conventie: 'Een mijlpaal met een zorgelijk randje',https://nos.nl/artikel/2380338-tien-jaar-istanbul-conventie-een-mijlpaal-met-een-zorgelijk-randje,Buitenland
361,2019-09-30T21:43:09+0200,Jaar cel voor Marokkaanse journaliste om 'illegale abortus',https://nos.nl/artikel/2304092-jaar-cel-voor-marokkaanse-journaliste-om-illegale-abortus,Buitenland
576,2017-04-07T16:10:28+0200,'Amerikaanse aanval mocht niet volgens regels Verenigde Naties',https://nos.nl/artikel/2167083-amerikaanse-aanval-mocht-niet-volgens-regels-verenigde-naties,Buitenland
358,2019-10-16T19:35:25+0200,Voor abortus veroordeelde Marokkaanse journaliste krijgt gratie van koning,https://nos.nl/artikel/2306429-voor-abortus-veroordeelde-marokkaanse-journaliste-krijgt-gratie-van-koning,Buitenland
599,2017-02-09T02:50:17+0100,Kandidaat-opperrechter noemt tweets Trump 'demoraliserend',https://nos.nl/artikel/2157213-kandidaat-opperrechter-noemt-tweets-trump-demoraliserend,Buitenland
364,2019-09-10T13:59:36+0200,Duizenden 'afstandsmoeders' in de jaren 50/60/70: tijdsgeest of misstand?,https://nos.nl/artikel/2301130-duizenden-afstandsmoeders-in-de-jaren-50-60-70-tijdsgeest-of-misstand,Binnenland
10,2023-08-17T21:50:00+0200,Stijgende sterftecijfers onder zwarte moeders VS: 'Niet serieus genomen',https://nos.nl/artikel/2486982-stijgende-sterftecijfers-onder-zwarte-moeders-vs-niet-serieus-genomen,Buitenland
442,2018-10-11T20:31:37+0200,Vrouwen op alle fronten cruciaal bij verkiezingen Verenigde Staten,https://nos.nl/artikel/2254409-vrouwen-op-alle-fronten-cruciaal-bij-verkiezingen-verenigde-staten,Buitenland
162,2022-05-07T07:13:41+0200,Onrust onder voorstanders van abortus in Nederland door debat in VS,https://nos.nl/artikel/2427802-onrust-onder-voorstanders-van-abortus-in-nederland-door-debat-in-vs,Binnenland
94,2022-11-08T22:06:50+0100,Nog 3 zetels te vergeven in Senaat • Nieuwe verkiezingen nodig in Georgia,https://nos.nl/liveblog/2451645-nog-3-zetels-te-vergeven-in-senaat-nieuwe-verkiezingen-nodig-in-georgia,None
534,2017-09-14T08:58:34+0200,Abortuskliniek Bloemenhove beschuldigt christelijke krant van laster,https://nos.nl/artikel/2192854-abortuskliniek-bloemenhove-beschuldigt-christelijke-krant-van-laster,Binnenland
559,2017-05-24T16:19:24+0200,'Facebook verwijdert Holocaust-ontkenning alleen bij kans vervolging',https://nos.nl/artikel/2174798-facebook-verwijdert-holocaust-ontkenning-alleen-bij-kans-vervolging,Economie
249,2021-03-18T09:39:10+0100,"Verkenner moet snel aan de slag, maar formatie wordt lastig",https://nos.nl/artikel/2373114-verkenner-moet-snel-aan-de-slag-maar-formatie-wordt-lastig,Politiek
650,2016-09-20T15:56:45+0200,NIP-test voor alle zwangere vrouwen beschikbaar,https://nos.nl/artikel/2133450-nip-test-voor-alle-zwangere-vrouwen-beschikbaar,Binnenland
628,2016-11-07T14:06:17+0100,Aan tafel: vrienden en vijanden van Trump en Clinton,https://nos.nl/nieuwsuur/artikel/2141858-aan-tafel-vrienden-en-vijanden-van-trump-en-clinton,Buitenland
447,2018-09-07T06:06:12+0200,Trumps kandidaat voor het Supreme Court vuur aan de schenen gelegd,https://nos.nl/artikel/2249333-trumps-kandidaat-voor-het-supreme-court-vuur-aan-de-schenen-gelegd,Buitenland
546,2017-06-30T12:08:29+0200,Franse politica en Shoah-overlevende Simone Veil dood,https://nos.nl/artikel/2180720-franse-politica-en-shoah-overlevende-simone-veil-dood,Buitenland
291,2020-11-14T10:54:37+0100,Allemaal een eigen journaal: van FvD tot SP en van Akwasi tot Maurice de Hond,https://nos.nl/artikel/2356520-allemaal-een-eigen-journaal-van-fvd-tot-sp-en-van-akwasi-tot-maurice-de-hond,Cultuur &amp; Media
523,2017-11-09T17:26:04+0100,Neem een voorbeeld aan konijnen: zo wil Europa voor meer kinderen zorgen,https://nos.nl/op3/artikel/2202013-neem-een-voorbeeld-aan-konijnen-zo-wil-europa-voor-meer-kinderen-zorgen,Buitenland
406,2019-05-01T15:45:53+0200,COC blij met weren omstreden Amerikaanse prediker,https://nos.nl/artikel/2282844-coc-blij-met-weren-omstreden-amerikaanse-prediker,Buitenland
293,2020-11-12T16:44:36+0100,Raad voor de Journalistiek wijst klacht tegen NOS om video over abortus af ,https://nos.nl/artikel/2356327-raad-voor-de-journalistiek-wijst-klacht-tegen-nos-om-video-over-abortus-af,Binnenland
319,2020-09-22T09:14:50+0200,Trump praat met topkandidaat voor Hooggerechtshof,https://nos.nl/artikel/2349387-trump-praat-met-topkandidaat-voor-hooggerechtshof,Buitenland
208,2021-10-30T06:51:54+0200,Biden geeft toe aan Macron: 'Onderzeeërdeal was onhandig',https://nos.nl/artikel/2403637-biden-geeft-toe-aan-macron-onderzeeerdeal-was-onhandig,Buitenland
324,2020-09-02T22:16:44+0200,Kardinaal Simonis: aartsbisschop die de kerk in roerige tijden bestuurde,https://nos.nl/artikel/2346507-kardinaal-simonis-aartsbisschop-die-de-kerk-in-roerige-tijden-bestuurde,Binnenland
439,2018-11-02T19:15:01+0100,Chinezen gevangen tussen zorg voor de ouders en de keuze voor groter gezin,https://nos.nl/artikel/2257592-chinezen-gevangen-tussen-zorg-voor-de-ouders-en-de-keuze-voor-groter-gezin,Buitenland
564,2017-05-12T08:56:56+0200,Facebook censureert pagina over abortuspil,https://nos.nl/artikel/2172725-facebook-censureert-pagina-over-abortuspil,Buitenland
653,2016-09-03T19:58:35+0200,"Moeder Teresa heilig verklaard, maar nog steeds omstreden",https://nos.nl/artikel/2129777-moeder-teresa-heilig-verklaard-maar-nog-steeds-omstreden,Buitenland
148,2022-06-14T12:15:40+0200,Zes jaar cel voor verkrachten en zwanger maken stiefdochter,https://nos.nl/artikel/2432626-zes-jaar-cel-voor-verkrachten-en-zwanger-maken-stiefdochter,RTV Drenthe
167,2022-05-03T11:42:41+0200,Vrouwenorganisaties gealarmeerd door uitgelekt abortusstandpunt hof VS,https://nos.nl/artikel/2427367-vrouwenorganisaties-gealarmeerd-door-uitgelekt-abortusstandpunt-hof-vs,Binnenland
75,2022-12-29T14:56:51+0100,"2022 was een somber nieuwsjaar, maar er zijn lichtpuntjes",https://nos.nl/artikel/2458096-2022-was-een-somber-nieuwsjaar-maar-er-zijn-lichtpuntjes,Jaarwisseling
270,2021-01-28T01:01:01+0100,Opnieuw protest in tientallen Poolse steden om inperking abortuswetgeving,https://nos.nl/artikel/2366290-opnieuw-protest-in-tientallen-poolse-steden-om-inperking-abortuswetgeving,Buitenland
40,2023-05-24T15:00:55+0200,Debat over schrappen abortus uit strafrecht: 'Meer dan formaliteit',https://nos.nl/artikel/2476299-debat-over-schrappen-abortus-uit-strafrecht-meer-dan-formaliteit,Binnenland
